id,Price
30130,0
18311,0
18934,0
1824,0
31339,0
25768,0
12910,0
9172,0
27292,0
966,0
33045,0
16354,0
18630,0
23188,0
3893,0
24887,0
8058,0
18868,0
19537,0
697,0
17659,0
22492,0
18475,0
20774,0
28024,0
10445,0
33712,0
562,0
9368,0
32959,0
33394,0
13118,0
12717,0
34723,0
14292,0
29100,0
32062,0
12896,0
1447,0
22926,0
22335,0
19782,0
7356,0
3245,0
15532,0
30502,0
12568,0
3654,0
9825,0
6986,0
14000,0
34179,0
15904,0
4736,0
12756,0
11180,0
12958,0
1874,0
30902,0
1698,0
7949,0
14817,0
14406,0
15872,0
26557,0
27635,0
21893,0
10114,0
6153,0
3484,0
27093,0
20113,0
10530,0
31794,0
22075,0
11206,0
5400,0
6054,0
387,0
26873,0
22834,0
15450,0
13067,0
16266,0
24419,0
10506,0
1070,0
23757,0
13901,0
4504,0
20127,0
23801,0
25173,0
29420,0
14993,0
10772,0
2589,0
22900,0
27370,0
24293,0
32260,0
24074,0
4997,0
6246,0
14363,0
32418,0
26081,0
34186,0
8706,0
20073,0
25338,0
22061,0
1373,0
14460,0
10060,0
10030,0
21095,0
33413,0
28777,0
13616,0
33163,0
18156,0
1602,0
29440,0
20465,0
30926,0
25744,0
2793,0
13344,0
15550,0
30664,0
4035,0
19732,0
32594,0
8573,0
4527,0
27375,0
12231,0
32974,0
25594,0
18996,0
13778,0
29989,0
21951,0
31383,0
7647,0
13289,0
12572,0
28595,0
4307,0
21364,0
10730,0
19222,0
25886,0
29833,0
13664,0
22896,0
26527,0
12155,0
7789,0
1182,0
5952,0
1155,0
20265,0
21955,0
2036,0
941,0
3047,0
13765,0
30751,0
7385,0
1955,0
5970,0
19484,0
5782,0
28561,0
27857,0
12162,0
28037,0
9068,0
14707,0
466,0
8835,0
33621,0
5196,0
26021,0
14661,0
3435,0
18540,0
23615,0
30582,0
31091,0
19055,0
32838,0
2748,0
2990,0
8145,0
21823,0
4551,0
27553,0
34083,0
16422,0
9239,0
17323,0
19584,0
10062,0
6932,0
2769,0
10840,0
2274,0
30275,0
4076,0
32108,0
32556,0
15839,0
9919,0
30142,0
8797,0
8068,0
22811,0
31701,0
29827,0
561,0
34844,0
32023,0
24488,0
32926,0
18297,0
20390,0
11573,0
20502,0
15254,0
27908,0
25779,0
8204,0
19333,0
27454,0
5310,0
30249,0
2087,0
1297,0
3112,0
2090,0
6069,0
2248,0
7622,0
20542,0
25193,0
13755,0
3874,0
5508,0
12957,0
6776,0
3669,0
5252,0
22304,0
14891,0
13842,0
11290,0
22688,0
10057,0
24825,0
11821,0
18471,0
22824,0
10109,0
10224,0
16617,0
14503,0
24215,0
6352,0
1407,0
31557,0
10827,0
29949,0
9898,0
31158,0
7134,0
4942,0
1929,0
31867,0
15494,0
19193,0
18069,0
4686,0
13159,0
766,0
10401,0
933,0
17512,0
3615,0
2664,0
20700,0
2540,0
24121,0
32007,0
8506,0
23024,0
15216,0
33405,0
13599,0
25978,0
14306,0
186,0
21843,0
11779,0
2922,0
27610,0
15420,0
21839,0
4388,0
27018,0
13948,0
31967,0
6427,0
31090,0
16317,0
31301,0
1013,0
15814,0
1621,0
21287,0
25868,0
3253,0
22844,0
15585,0
16763,0
12937,0
14775,0
12735,0
33358,0
34601,0
15175,0
26303,0
19827,0
31482,0
28398,0
4358,0
22955,0
18356,0
492,0
31892,0
29251,0
12817,0
19527,0
10460,0
14405,0
13896,0
4249,0
30390,0
31815,0
641,0
7179,0
17060,0
1303,0
27177,0
5992,0
25298,0
28362,0
6520,0
644,0
585,0
642,0
24397,0
25057,0
17171,0
16717,0
9471,0
18189,0
23917,0
32481,0
13393,0
12681,0
31384,0
2989,0
17711,0
16808,0
3469,0
4402,0
13229,0
3175,0
5041,0
12549,0
18440,0
12385,0
1330,0
10758,0
27699,0
23016,0
9126,0
8367,0
21147,0
16942,0
18895,0
6658,0
9509,0
12620,0
13217,0
14246,0
4996,0
2032,0
7309,0
5507,0
27703,0
9044,0
22633,0
7796,0
15475,0
33958,0
19036,0
12555,0
32261,0
23946,0
13242,0
8658,0
24043,0
4538,0
24733,0
1,0
12173,0
13047,0
10194,0
21708,0
2649,0
31814,0
4998,0
11620,0
16697,0
8643,0
15827,0
15758,0
2912,0
31216,0
33954,0
661,0
12872,0
24712,0
736,0
7522,0
24912,0
26114,0
32366,0
20673,0
9683,0
29765,0
5616,0
22357,0
25708,0
9273,0
16535,0
29547,0
33174,0
21684,0
30185,0
2008,0
3715,0
4340,0
11968,0
18049,0
17297,0
10761,0
31573,0
20261,0
12927,0
14859,0
15333,0
6126,0
27830,0
27905,0
34820,0
30177,0
7768,0
4673,0
7258,0
25658,0
7019,0
34356,0
14288,0
32741,0
19581,0
3803,0
7776,0
18857,0
17670,0
29542,0
8592,0
11122,0
20395,0
9523,0
20425,0
22402,0
20397,0
25831,0
531,0
26410,0
27108,0
12732,0
8754,0
18957,0
24522,0
20835,0
26263,0
1006,0
32914,0
26899,0
3830,0
7991,0
29246,0
27939,0
29468,0
18767,0
33683,0
17564,0
32083,0
17345,0
24131,0
9795,0
19528,0
19661,0
17764,0
16400,0
22458,0
12627,0
31980,0
14873,0
28714,0
33108,0
32050,0
26126,0
18848,0
33434,0
28543,0
32777,0
3673,0
30534,0
31732,0
30359,0
20260,0
8008,0
30979,0
11648,0
26476,0
30997,0
27672,0
33879,0
30115,0
16733,0
3430,0
2598,0
19109,0
23420,0
2212,0
3294,0
15708,0
13631,0
2981,0
24103,0
9071,0
25478,0
27041,0
15985,0
664,0
3637,0
32540,0
17473,0
17339,0
31838,0
21343,0
33964,0
19314,0
28875,0
4153,0
26188,0
15824,0
10121,0
31342,0
32769,0
24579,0
22498,0
21321,0
6320,0
19406,0
11167,0
26312,0
393,0
14697,0
1563,0
28675,0
13715,0
24234,0
3510,0
5368,0
7765,0
25630,0
25516,0
2797,0
21423,0
29043,0
3404,0
2006,0
13793,0
8815,0
21543,0
22340,0
20765,0
24333,0
24218,0
27910,0
25674,0
4557,0
23340,0
25729,0
10562,0
20585,0
12237,0
4411,0
16310,0
5375,0
4495,0
29205,0
11827,0
33076,0
25336,0
23910,0
29211,0
29409,0
26413,0
7610,0
4730,0
4024,0
13418,0
17215,0
5167,0
16653,0
15963,0
5550,0
16906,0
23601,0
18805,0
18502,0
34080,0
10801,0
11002,0
24180,0
13361,0
1405,0
13952,0
7219,0
14024,0
16977,0
17770,0
11317,0
15112,0
15107,0
29270,0
25783,0
4052,0
26451,0
18872,0
3629,0
16481,0
24251,0
14810,0
3805,0
13449,0
2265,0
33395,0
34386,0
7473,0
25668,0
30788,0
16588,0
33554,0
26000,0
22519,0
22087,0
19720,0
12384,0
33268,0
27316,0
5894,0
33497,0
32236,0
4060,0
22680,0
24937,0
25997,0
25669,0
33987,0
30170,0
30318,0
9233,0
15350,0
10589,0
21700,0
24870,0
23590,0
24105,0
12619,0
27260,0
20636,0
11602,0
9946,0
23802,0
16343,0
14018,0
3319,0
24626,0
1808,0
11992,0
27801,0
4018,0
4596,0
22446,0
7737,0
19726,0
26171,0
29084,0
27604,0
1279,0
31353,0
1112,0
25391,0
19171,0
8200,0
22694,0
4130,0
16862,0
18615,0
29430,0
3690,0
4647,0
10496,0
13762,0
26381,0
2223,0
13403,0
9731,0
25387,0
7721,0
8069,0
6242,0
32250,0
10034,0
24829,0
21337,0
2082,0
8032,0
25664,0
19573,0
29243,0
24896,0
20949,0
12099,0
1772,0
18850,0
31726,0
27192,0
11071,0
1061,0
33114,0
31571,0
9037,0
29187,0
27960,0
19740,0
34249,0
26763,0
22197,0
6282,0
31812,0
25462,0
1865,0
12760,0
9303,0
15869,0
28977,0
31160,0
29977,0
12535,0
32184,0
26578,0
32673,0
6670,0
29488,0
5762,0
24485,0
25209,0
20777,0
25098,0
5598,0
13673,0
3784,0
27739,0
10929,0
25665,0
34161,0
1245,0
22764,0
32886,0
15561,0
9039,0
33219,0
18761,0
17279,0
5615,0
13623,0
5875,0
7377,0
28979,0
32421,0
6972,0
12028,0
7314,0
7681,0
13290,0
12201,0
23436,0
14809,0
33593,0
20666,0
22743,0
707,0
10351,0
13143,0
1479,0
11117,0
30610,0
32223,0
4046,0
20442,0
19033,0
14367,0
19458,0
11994,0
3976,0
34500,0
11530,0
3429,0
33138,0
14753,0
14135,0
8803,0
28660,0
6643,0
29746,0
23396,0
31861,0
24147,0
13622,0
32712,0
21857,0
781,0
15966,0
4971,0
21005,0
2234,0
28774,0
31140,0
4065,0
16161,0
24949,0
29705,0
4032,0
14854,0
3658,0
21526,0
13586,0
2111,0
22233,0
31297,0
32733,0
17527,0
9043,0
26484,0
17731,0
30237,0
24104,0
7017,0
32849,0
14033,0
401,0
10907,0
12022,0
9829,0
14330,0
29480,0
26767,0
16093,0
22508,0
30446,0
8005,0
17514,0
2070,0
8137,0
31263,0
12882,0
13327,0
6830,0
29469,0
9197,0
24221,0
7850,0
7145,0
13570,0
9696,0
31116,0
12876,0
17662,0
33083,0
33546,0
2330,0
14639,0
25157,0
10353,0
21562,0
7518,0
17863,0
14311,0
25260,0
9409,0
1717,0
14153,0
32928,0
1272,0
31666,0
9340,0
5523,0
18552,0
9647,0
11216,0
4968,0
21897,0
16959,0
9722,0
4874,0
22777,0
21307,0
8929,0
61,0
4797,0
597,0
21744,0
18884,0
19098,0
30915,0
11006,0
15194,0
915,0
12318,0
32086,0
23617,0
20367,0
31685,0
33884,0
1582,0
22190,0
23856,0
21727,0
5010,0
2529,0
10899,0
13473,0
26828,0
8203,0
32854,0
12973,0
14699,0
24893,0
19501,0
32900,0
13077,0
778,0
4110,0
12000,0
7149,0
20967,0
29672,0
5132,0
28639,0
16389,0
7003,0
20206,0
9789,0
21378,0
31510,0
31166,0
33224,0
6286,0
19076,0
5189,0
4720,0
2819,0
3845,0
34739,0
20578,0
3004,0
3136,0
22607,0
14632,0
2813,0
8711,0
33322,0
444,0
17360,0
31697,0
30110,0
25714,0
14710,0
27558,0
33550,0
23866,0
29702,0
14527,0
10188,0
5589,0
7324,0
33282,0
25643,0
19733,0
31379,0
3937,0
12308,0
152,0
6431,0
24320,0
4276,0
17308,0
4006,0
32093,0
30703,0
4625,0
2373,0
18851,0
1450,0
6072,0
5139,0
4952,0
16787,0
3048,0
14154,0
16911,0
24378,0
22220,0
14414,0
29760,0
19009,0
8775,0
3856,0
13693,0
4572,0
23693,0
12655,0
34682,0
2534,0
32056,0
23380,0
33089,0
31127,0
18949,0
8654,0
10648,0
9319,0
10676,0
24864,0
3970,0
28177,0
2639,0
21373,0
15170,0
10499,0
8,0
12296,0
16294,0
20850,0
2354,0
29826,0
24614,0
19592,0
28238,0
1783,0
30676,0
33908,0
315,0
7893,0
33298,0
23037,0
21688,0
21790,0
28751,0
6555,0
34003,0
23171,0
29878,0
5701,0
20273,0
3120,0
31709,0
33648,0
15553,0
1288,0
2494,0
18014,0
9520,0
17642,0
3224,0
12506,0
34401,0
32946,0
17072,0
15679,0
8428,0
9272,0
31014,0
32565,0
22246,0
25455,0
2561,0
19529,0
3822,0
24262,0
16177,0
25105,0
13702,0
144,0
20800,0
25058,0
20378,0
33104,0
26093,0
11132,0
34505,0
7879,0
8577,0
32120,0
30429,0
19000,0
31253,0
9821,0
13612,0
16109,0
17878,0
26223,0
15615,0
25648,0
19659,0
553,0
3649,0
19049,0
31752,0
17831,0
2425,0
18725,0
256,0
33624,0
12209,0
1911,0
22454,0
9193,0
30300,0
18825,0
14589,0
10743,0
760,0
3330,0
26311,0
1309,0
569,0
5109,0
10630,0
24823,0
10455,0
2186,0
30573,0
3283,0
33185,0
22397,0
21387,0
14751,0
29593,0
20181,0
20319,0
12850,0
18021,0
25223,0
1109,0
33095,0
25185,0
20441,0
3209,0
20311,0
20687,0
5618,0
11121,0
23023,0
2188,0
12579,0
24749,0
13407,0
29552,0
22156,0
8612,0
9411,0
8318,0
15277,0
28043,0
32347,0
21670,0
21101,0
13875,0
11264,0
24972,0
26412,0
20335,0
34644,0
32341,0
21841,0
29867,0
15426,0
13225,0
9485,0
31728,0
32839,0
17532,0
32590,0
11193,0
14601,0
25373,0
24615,0
14537,0
29021,0
2804,0
2625,0
5359,0
13445,0
17253,0
17446,0
4096,0
29405,0
14114,0
4378,0
33828,0
23548,0
10776,0
7431,0
21621,0
7215,0
23079,0
16562,0
1291,0
13082,0
13443,0
12463,0
20795,0
9742,0
21958,0
30105,0
34132,0
12530,0
33276,0
2153,0
14510,0
18460,0
21732,0
30084,0
17538,0
24675,0
31178,0
18146,0
21160,0
6499,0
34105,0
25841,0
27858,0
22759,0
30872,0
33807,0
33603,0
18224,0
8086,0
11257,0
29410,0
4934,0
6709,0
15325,0
3014,0
13989,0
31795,0
5119,0
453,0
12016,0
12649,0
12389,0
10981,0
15762,0
11817,0
11056,0
28134,0
24459,0
14455,0
1740,0
34809,0
5586,0
25032,0
30858,0
15803,0
6356,0
2914,0
23304,0
25400,0
12610,0
3652,0
26379,0
15970,0
15870,0
14172,0
19662,0
25907,0
4665,0
11377,0
13681,0
1637,0
29728,0
2374,0
27784,0
11901,0
10601,0
32220,0
24641,0
14415,0
8632,0
28116,0
8785,0
9249,0
19079,0
2523,0
15968,0
19451,0
27682,0
5907,0
5244,0
22253,0
23929,0
24117,0
25519,0
15225,0
7445,0
15687,0
23794,0
32589,0
24165,0
16198,0
14825,0
32320,0
24757,0
4617,0
25776,0
7754,0
15584,0
4961,0
17740,0
30611,0
33392,0
29828,0
5834,0
33645,0
21445,0
4309,0
16757,0
16586,0
1991,0
25282,0
14783,0
6604,0
19977,0
28032,0
18104,0
26026,0
32189,0
11403,0
31577,0
28854,0
20724,0
10317,0
28089,0
1181,0
4226,0
21943,0
6424,0
31960,0
31408,0
12887,0
2605,0
22283,0
7678,0
27173,0
28763,0
14538,0
15115,0
20194,0
31739,0
19685,0
6609,0
8683,0
9488,0
28633,0
31453,0
4299,0
7534,0
15735,0
17981,0
10151,0
8685,0
1884,0
23836,0
25146,0
32591,0
2692,0
34639,0
26253,0
23539,0
5892,0
16981,0
23357,0
23127,0
33129,0
25465,0
13124,0
12547,0
5866,0
31070,0
8955,0
17859,0
6528,0
23008,0
640,0
1683,0
7383,0
10572,0
2456,0
8487,0
4653,0
24267,0
13802,0
13910,0
25811,0
4822,0
26745,0
5984,0
16972,0
15323,0
34690,0
20108,0
31288,0
13986,0
16663,0
1589,0
29016,0
16974,0
27899,0
7627,0
7725,0
11063,0
32931,0
13009,0
892,0
34147,0
6576,0
23556,0
22140,0
32563,0
18419,0
16577,0
31879,0
17294,0
13198,0
20308,0
21150,0
945,0
4013,0
18077,0
27436,0
1323,0
6460,0
9049,0
31391,0
26299,0
33120,0
25969,0
19665,0
30141,0
18458,0
20478,0
25466,0
15154,0
24420,0
19175,0
19404,0
29317,0
15866,0
17650,0
386,0
767,0
10170,0
4367,0
17792,0
32020,0
16085,0
32862,0
27853,0
17735,0
33902,0
23406,0
24381,0
28029,0
4345,0
33139,0
11757,0
1133,0
29631,0
1022,0
11969,0
2173,0
6848,0
5817,0
34170,0
10421,0
17565,0
9869,0
19452,0
18113,0
28471,0
22627,0
6780,0
31806,0
6336,0
14436,0
13137,0
7358,0
31504,0
10651,0
19763,0
8842,0
15083,0
32068,0
32668,0
1369,0
12686,0
7752,0
1841,0
23817,0
7065,0
5239,0
17387,0
10512,0
11278,0
3091,0
20803,0
15148,0
18935,0
28564,0
28906,0
19283,0
28345,0
25443,0
22324,0
7321,0
24816,0
5993,0
5425,0
7494,0
12965,0
825,0
15953,0
19012,0
15312,0
32114,0
24107,0
17973,0
27265,0
26718,0
9517,0
16839,0
25495,0
4788,0
28315,0
26317,0
28332,0
29881,0
34151,0
1532,0
9874,0
23032,0
2739,0
30853,0
10322,0
23981,0
9604,0
29038,0
27448,0
31649,0
28004,0
22934,0
9567,0
13768,0
31315,0
22629,0
33178,0
18593,0
32251,0
5661,0
27780,0
24198,0
22663,0
33393,0
13830,0
5606,0
15844,0
33871,0
16366,0
7350,0
2388,0
21319,0
20761,0
3366,0
25753,0
10878,0
9505,0
32124,0
28504,0
28321,0
20497,0
1710,0
34335,0
27776,0
12021,0
30849,0
33158,0
4393,0
15684,0
17346,0
30980,0
10423,0
7740,0
11561,0
1401,0
8276,0
31013,0
4404,0
25682,0
18161,0
2356,0
29190,0
1647,0
16831,0
17950,0
22240,0
16881,0
28307,0
1956,0
18276,0
6900,0
24202,0
6630,0
4744,0
6440,0
4836,0
10,0
6840,0
5939,0
31990,0
20988,0
30836,0
7524,0
99,0
32533,0
23863,0
5513,0
30569,0
11555,0
21734,0
21862,0
10856,0
16904,0
4207,0
31521,0
15632,0
21910,0
19597,0
8010,0
23613,0
3933,0
10667,0
19915,0
6301,0
9545,0
3056,0
16487,0
19286,0
6252,0
4491,0
14595,0
17270,0
32299,0
19954,0
30250,0
18533,0
29615,0
3630,0
33078,0
6938,0
27397,0
12902,0
18818,0
31345,0
23308,0
20616,0
27909,0
33135,0
25999,0
22086,0
17885,0
26225,0
13427,0
22496,0
4268,0
30621,0
14230,0
6917,0
11780,0
24160,0
3640,0
7182,0
17091,0
12585,0
5872,0
25805,0
18282,0
10965,0
15668,0
28692,0
27059,0
370,0
4803,0
34238,0
16583,0
11091,0
26821,0
6531,0
12391,0
12468,0
31223,0
912,0
16465,0
7687,0
21179,0
15958,0
32935,0
2063,0
17328,0
15041,0
21295,0
28521,0
21892,0
17441,0
7092,0
25469,0
24031,0
3708,0
5060,0
31142,0
20579,0
12077,0
34232,0
6632,0
16997,0
10714,0
28685,0
30004,0
14493,0
19129,0
23153,0
32041,0
24523,0
2596,0
33743,0
15399,0
21905,0
34832,0
11719,0
6552,0
2018,0
12292,0
33705,0
17798,0
17617,0
22502,0
348,0
10392,0
32198,0
25815,0
8649,0
3732,0
12320,0
18735,0
25102,0
4447,0
18830,0
30047,0
13578,0
15458,0
5085,0
14660,0
34141,0
28377,0
7711,0
21817,0
15800,0
7251,0
18141,0
19439,0
21583,0
15021,0
6017,0
21464,0
32214,0
12698,0
5480,0
23664,0
2314,0
20659,0
34241,0
27943,0
14657,0
21061,0
16606,0
3440,0
12411,0
28895,0
19038,0
31673,0
11852,0
2791,0
32781,0
28496,0
5678,0
11694,0
31650,0
25299,0
4419,0
9591,0
33787,0
21860,0
12918,0
3869,0
28215,0
2026,0
8116,0
20200,0
104,0
6486,0
27811,0
32137,0
24195,0
23133,0
12038,0
10342,0
27486,0
5287,0
1338,0
30485,0
26256,0
1904,0
25699,0
12100,0
21111,0
30239,0
11762,0
9020,0
10528,0
6692,0
8355,0
11895,0
2652,0
28476,0
16323,0
2260,0
32811,0
34104,0
33049,0
2499,0
26479,0
5930,0
7128,0
9702,0
20355,0
5314,0
11786,0
29292,0
1580,0
5186,0
29956,0
31087,0
26012,0
52,0
2146,0
23085,0
7665,0
5599,0
24770,0
9551,0
4021,0
26621,0
8466,0
5707,0
30246,0
25187,0
31818,0
10026,0
27503,0
10403,0
14278,0
26575,0
1648,0
21016,0
11618,0
17148,0
16573,0
2189,0
28615,0
1508,0
10952,0
219,0
2728,0
6629,0
29493,0
33771,0
23966,0
30747,0
28510,0
34256,0
14098,0
15319,0
12784,0
7416,0
31835,0
5667,0
10627,0
20462,0
3527,0
12883,0
6976,0
17593,0
17101,0
17999,0
8976,0
15207,0
2054,0
2712,0
399,0
24603,0
32682,0
6151,0
15736,0
33051,0
30194,0
14677,0
467,0
22054,0
11328,0
10221,0
10081,0
13784,0
22008,0
19890,0
32061,0
20565,0
25585,0
32066,0
15810,0
14807,0
33568,0
21266,0
24302,0
28278,0
18578,0
28239,0
19111,0
18555,0
32314,0
7717,0
34487,0
6097,0
25177,0
24273,0
18443,0
14811,0
23244,0
25135,0
3588,0
8554,0
5260,0
8989,0
13966,0
16478,0
32396,0
23492,0
23012,0
23309,0
16722,0
2154,0
5556,0
29099,0
29249,0
9694,0
22301,0
3447,0
19689,0
2604,0
24546,0
21733,0
33058,0
19760,0
11421,0
4111,0
536,0
19503,0
4543,0
1973,0
17881,0
20868,0
15492,0
2060,0
4833,0
457,0
25197,0
22576,0
1493,0
23578,0
278,0
10292,0
17937,0
9602,0
32191,0
15649,0
1101,0
28916,0
6991,0
13408,0
10813,0
14484,0
4512,0
2352,0
25691,0
20863,0
14981,0
13605,0
5178,0
18729,0
21926,0
14105,0
22683,0
31614,0
9503,0
30137,0
26243,0
21301,0
5895,0
9478,0
28656,0
20712,0
19293,0
21363,0
888,0
31369,0
12644,0
13091,0
21815,0
21233,0
14357,0
6363,0
19447,0
1948,0
9664,0
28267,0
32512,0
29711,0
7035,0
28848,0
27556,0
34060,0
18393,0
25266,0
14392,0
12697,0
24271,0
10938,0
12967,0
23849,0
15258,0
19405,0
25929,0
10116,0
27686,0
26961,0
6803,0
32081,0
3098,0
14225,0
13754,0
9621,0
23139,0
19037,0
651,0
8410,0
22577,0
6977,0
15357,0
26547,0
373,0
6102,0
30150,0
2155,0
21757,0
9697,0
11724,0
22018,0
15965,0
4317,0
31976,0
14458,0
5563,0
31803,0
7142,0
9321,0
4985,0
27366,0
12689,0
28249,0
23173,0
17902,0
22779,0
34017,0
25875,0
31695,0
29707,0
13579,0
21020,0
32325,0
3747,0
7263,0
24610,0
27399,0
16857,0
6628,0
11660,0
24264,0
14104,0
20051,0
34481,0
29794,0
18976,0
26919,0
15890,0
3513,0
1847,0
28424,0
15640,0
33914,0
24617,0
21960,0
1156,0
3424,0
22974,0
31207,0
30599,0
26845,0
31519,0
12214,0
10316,0
27664,0
12179,0
25066,0
18541,0
7340,0
21059,0
13645,0
15959,0
24039,0
23784,0
29072,0
20723,0
22100,0
14290,0
1890,0
15363,0
11523,0
3255,0
23316,0
30450,0
18074,0
16602,0
2873,0
7437,0
2585,0
7460,0
7639,0
10790,0
34074,0
19157,0
28734,0
24342,0
1773,0
17273,0
22157,0
72,0
25200,0
22717,0
20818,0
18984,0
6514,0
5802,0
13270,0
30838,0
33230,0
31285,0
16817,0
13780,0
21787,0
8316,0
3413,0
9410,0
10682,0
25968,0
4494,0
11465,0
30189,0
19513,0
6180,0
26904,0
12149,0
23848,0
34693,0
249,0
31113,0
3717,0
17680,0
24484,0
1512,0
2686,0
28541,0
32656,0
3799,0
9860,0
635,0
23673,0
34395,0
21663,0
3453,0
20146,0
22137,0
5723,0
1273,0
7257,0
10371,0
30932,0
17984,0
16929,0
14785,0
16380,0
22912,0
22720,0
16807,0
25743,0
15071,0
30978,0
13056,0
3670,0
11114,0
29307,0
2408,0
4784,0
2132,0
1788,0
7675,0
30046,0
29624,0
19194,0
29592,0
28874,0
28371,0
27,0
31174,0
19789,0
29785,0
34516,0
9519,0
29927,0
11979,0
28871,0
28261,0
2000,0
458,0
575,0
27421,0
5236,0
16341,0
11349,0
26344,0
7457,0
15935,0
27418,0
17668,0
19294,0
17516,0
8657,0
14720,0
21564,0
17861,0
287,0
21626,0
2061,0
9119,0
20433,0
21300,0
27318,0
236,0
632,0
13801,0
18377,0
2601,0
6737,0
31523,0
14480,0
19695,0
19197,0
25492,0
3511,0
30292,0
12310,0
26023,0
23663,0
27338,0
28034,0
13142,0
5791,0
25617,0
10156,0
14483,0
10983,0
2140,0
27171,0
8773,0
31924,0
4615,0
4353,0
24639,0
17904,0
16647,0
28306,0
23081,0
30886,0
34246,0
30104,0
4605,0
13319,0
23236,0
12328,0
12907,0
9089,0
29076,0
21042,0
27670,0
32742,0
21449,0
26699,0
29535,0
16461,0
16597,0
30785,0
12633,0
11685,0
1767,0
26966,0
14073,0
28846,0
25350,0
23022,0
24525,0
19483,0
1408,0
30027,0
14495,0
18420,0
24339,0
6228,0
6452,0
16491,0
9160,0
15860,0
30182,0
4445,0
34461,0
19557,0
33598,0
5465,0
28254,0
18184,0
2932,0
11,0
18712,0
7859,0
22641,0
33784,0
14744,0
26187,0
5795,0
13136,0
13134,0
10728,0
27231,0
21921,0
3339,0
3904,0
34259,0
8911,0
3767,0
19223,0
19872,0
29297,0
16826,0
3960,0
9710,0
15544,0
10836,0
28366,0
15848,0
34600,0
8083,0
27721,0
17717,0
20259,0
26359,0
27475,0
33812,0
1691,0
15373,0
23048,0
14572,0
15683,0
24859,0
23799,0
854,0
2800,0
1222,0
27981,0
14974,0
29227,0
21047,0
22803,0
32789,0
31849,0
27819,0
4170,0
30146,0
13434,0
31688,0
25550,0
30863,0
23575,0
16153,0
13076,0
10087,0
13251,0
6587,0
19757,0
2921,0
19163,0
14869,0
17938,0
24684,0
14015,0
12126,0
6400,0
20663,0
22001,0
5597,0
22084,0
12443,0
26748,0
11919,0
28390,0
2885,0
26210,0
29637,0
19990,0
29587,0
212,0
19558,0
26760,0
18004,0
33323,0
10492,0
13185,0
30657,0
9308,0
24962,0
29601,0
13116,0
27249,0
20594,0
31766,0
32607,0
34364,0
1346,0
21040,0
29893,0
15760,0
5071,0
4240,0
27149,0
31719,0
6219,0
34829,0
14519,0
763,0
2697,0
6100,0
18723,0
5509,0
28697,0
22977,0
23101,0
3304,0
27989,0
16036,0
32718,0
32765,0
20218,0
23474,0
11842,0
20258,0
18783,0
4854,0
21737,0
33147,0
15396,0
29408,0
31681,0
20605,0
28939,0
14145,0
11177,0
14078,0
323,0
6182,0
9740,0
28351,0
17742,0
28735,0
26054,0
13440,0
22346,0
7645,0
19653,0
27782,0
14969,0
32297,0
31595,0
2892,0
30918,0
18170,0
5413,0
14760,0
989,0
437,0
16528,0
33574,0
10534,0
8903,0
1543,0
8904,0
16468,0
21714,0
25562,0
3002,0
29752,0
31245,0
1207,0
24664,0
23193,0
16113,0
8217,0
24857,0
4696,0
22590,0
11996,0
33605,0
23722,0
3065,0
13054,0
31529,0
20147,0
30056,0
9302,0
21242,0
30698,0
14529,0
8620,0
1592,0
33926,0
29259,0
4057,0
26634,0
31131,0
27663,0
17389,0
31303,0
19273,0
14899,0
12156,0
3785,0
27435,0
4873,0
40,0
11941,0
5681,0
14913,0
23591,0
12332,0
33697,0
6348,0
8198,0
5391,0
15921,0
11481,0
18278,0
29344,0
16707,0
16700,0
346,0
14963,0
3745,0
3578,0
25770,0
20219,0
21308,0
2645,0
32578,0
19344,0
28962,0
24233,0
30078,0
9966,0
5706,0
26445,0
1255,0
8936,0
16439,0
6654,0
15731,0
2458,0
34569,0
19454,0
14927,0
31987,0
8283,0
6624,0
17262,0
11007,0
30088,0
21751,0
31865,0
12291,0
33152,0
27973,0
16346,0
3666,0
21895,0
32194,0
22830,0
3200,0
16367,0
4412,0
11335,0
25903,0
33244,0
28435,0
25475,0
21585,0
2201,0
28738,0
21443,0
27443,0
28951,0
19426,0
12674,0
8213,0
5873,0
12702,0
32444,0
28187,0
16505,0
18758,0
19207,0
19896,0
13165,0
26995,0
30586,0
31936,0
27509,0
5292,0
31905,0
2046,0
17465,0
30782,0
16669,0
18609,0
25371,0
17006,0
34233,0
9314,0
2278,0
13587,0
2890,0
3962,0
11747,0
3888,0
4213,0
6872,0
17168,0
29792,0
8505,0
4541,0
12289,0
27005,0
17011,0
28015,0
22821,0
20377,0
11171,0
8151,0
6144,0
16989,0
16321,0
755,0
2472,0
11488,0
32730,0
29132,0
173,0
31464,0
4731,0
11491,0
11008,0
33811,0
21761,0
7600,0
13436,0
11956,0
611,0
6292,0
7688,0
33252,0
22256,0
16268,0
8735,0
11592,0
4789,0
27980,0
7830,0
8610,0
1196,0
8950,0
32962,0
31218,0
20833,0
19646,0
23470,0
11212,0
23922,0
26604,0
19524,0
468,0
22693,0
28082,0
22216,0
29140,0
11025,0
11675,0
23616,0
18367,0
24507,0
4685,0
19578,0
4713,0
32890,0
17791,0
17768,0
6925,0
28684,0
18768,0
33353,0
23839,0
11459,0
27083,0
17756,0
2259,0
26388,0
17576,0
12629,0
30086,0
3688,0
33019,0
4936,0
2142,0
902,0
1987,0
7818,0
11336,0
31437,0
1287,0
7370,0
21229,0
23494,0
9446,0
17621,0
7519,0
30408,0
20155,0
6952,0
9107,0
17960,0
34163,0
31579,0
30464,0
5270,0
2680,0
14349,0
20831,0
21223,0
27928,0
29951,0
11363,0
24324,0
14206,0
28470,0
23831,0
18040,0
10954,0
24549,0
3554,0
6489,0
26664,0
20873,0
6640,0
19494,0
8407,0
6808,0
25471,0
449,0
10787,0
862,0
23456,0
6957,0
794,0
16964,0
768,0
12134,0
31910,0
30449,0
25086,0
10563,0
7868,0
30000,0
28766,0
25977,0
30842,0
27725,0
22033,0
29703,0
17633,0
8839,0
10358,0
19631,0
27941,0
2684,0
31776,0
25862,0
1721,0
30560,0
20327,0
6664,0
20915,0
27658,0
19198,0
29568,0
33372,0
504,0
19658,0
6946,0
12124,0
8498,0
27815,0
18839,0
13167,0
25654,0
28159,0
28731,0
7948,0
7885,0
5262,0
16235,0
1540,0
21325,0
17238,0
18122,0
9053,0
12219,0
24052,0
24814,0
19389,0
11196,0
3487,0
20689,0
13561,0
20809,0
14271,0
19457,0
15746,0
4677,0
33354,0
34846,0
21578,0
9295,0
6075,0
15397,0
11163,0
21000,0
6029,0
22755,0
29001,0
990,0
1558,0
26867,0
6698,0
8524,0
34589,0
6494,0
33570,0
7982,0
23530,0
11460,0
25354,0
33504,0
3998,0
31831,0
4651,0
34673,0
26860,0
22690,0
8237,0
14570,0
32525,0
16378,0
28517,0
3602,0
22615,0
5711,0
12543,0
11215,0
11072,0
2397,0
32239,0
2392,0
23473,0
13969,0
23118,0
18293,0
2855,0
1424,0
17306,0
13880,0
25542,0
17874,0
6859,0
478,0
22897,0
14857,0
2457,0
5484,0
28208,0
29395,0
26438,0
29095,0
14134,0
5430,0
20648,0
5208,0
16821,0
15819,0
18616,0
29822,0
3766,0
20556,0
25597,0
18412,0
15047,0
16503,0
18480,0
6194,0
17693,0
21461,0
25374,0
26807,0
34753,0
26927,0
7169,0
9574,0
14958,0
21393,0
8391,0
7316,0
34081,0
34420,0
27104,0
28551,0
21820,0
3291,0
26735,0
15,0
13102,0
22237,0
29161,0
16108,0
13816,0
22107,0
24679,0
22832,0
31108,0
33701,0
23909,0
34300,0
24656,0
418,0
9447,0
12503,0
5281,0
4853,0
8232,0
4628,0
10970,0
27502,0
3403,0
3553,0
5342,0
6905,0
30010,0
5211,0
4214,0
4622,0
4590,0
28634,0
10191,0
9972,0
14239,0
32215,0
7155,0
4107,0
21593,0
7273,0
4771,0
421,0
3899,0
1256,0
8139,0
1215,0
33516,0
7481,0
15740,0
7590,0
13151,0
27712,0
460,0
27794,0
7993,0
17242,0
33121,0
22109,0
18747,0
28057,0
195,0
13193,0
13265,0
14116,0
22706,0
34365,0
5717,0
18149,0
15521,0
18655,0
19803,0
11009,0
28942,0
27468,0
6466,0
16937,0
24252,0
34071,0
13190,0
23853,0
18803,0
13258,0
32455,0
16318,0
1418,0
7901,0
2461,0
14591,0
21463,0
27991,0
2332,0
19279,0
28137,0
2341,0
11752,0
27242,0
19369,0
6471,0
17871,0
11263,0
15369,0
3095,0
6834,0
31483,0
20161,0
2916,0
15417,0
13388,0
29166,0
30476,0
13601,0
19185,0
17495,0
10388,0
11084,0
13806,0
15979,0
32727,0
31168,0
10955,0
31003,0
15442,0
4372,0
16339,0
31778,0
11586,0
1333,0
13859,0
4987,0
20771,0
4793,0
12370,0
28857,0
12197,0
986,0
2421,0
33385,0
1630,0
13745,0
1860,0
6644,0
3761,0
33011,0
33293,0
21157,0
3571,0
18237,0
24025,0
21172,0
11623,0
30656,0
32629,0
12192,0
9886,0
5148,0
27935,0
21141,0
32468,0
34554,0
3338,0
26308,0
7862,0
26779,0
10233,0
8606,0
1812,0
32899,0
1707,0
24968,0
24400,0
19173,0
17018,0
32799,0
10917,0
15054,0
5837,0
7107,0
20821,0
15288,0
16902,0
15082,0
11641,0
32840,0
32423,0
3396,0
2849,0
23445,0
30418,0
4501,0
12943,0
33259,0
18570,0
515,0
25395,0
10619,0
14269,0
11296,0
16953,0
33447,0
28112,0
992,0
33499,0
5620,0
8935,0
13072,0
18792,0
20836,0
18117,0
14361,0
15250,0
34498,0
121,0
16126,0
14491,0
23641,0
27510,0
33752,0
21731,0
18015,0
16924,0
30445,0
23058,0
13848,0
13985,0
3463,0
33094,0
21544,0
28901,0
22305,0
11756,0
14992,0
25442,0
7181,0
9792,0
27880,0
34352,0
27845,0
422,0
21743,0
8703,0
12537,0
30015,0
1820,0
18338,0
28472,0
29963,0
16918,0
8521,0
29625,0
29230,0
17590,0
21647,0
31040,0
3509,0
19965,0
14515,0
5964,0
13722,0
33543,0
13620,0
10218,0
17817,0
28872,0
21869,0
28700,0
24170,0
27147,0
9878,0
4205,0
4894,0
20827,0
11509,0
26001,0
4004,0
30550,0
14504,0
29825,0
12225,0
30848,0
3246,0
29909,0
24738,0
8811,0
5524,0
10378,0
21370,0
19152,0
18489,0
30800,0
26820,0
34248,0
24357,0
29406,0
5362,0
15002,0
27702,0
17020,0
4446,0
3689,0
30312,0
20103,0
24183,0
19735,0
4758,0
24448,0
25890,0
21652,0
20901,0
30149,0
32751,0
12378,0
14494,0
31017,0
20052,0
24707,0
29003,0
21380,0
8458,0
33976,0
21885,0
10884,0
7810,0
12170,0
24434,0
25758,0
9974,0
11714,0
29220,0
3728,0
27717,0
881,0
32557,0
23511,0
4073,0
32568,0
1769,0
11155,0
1132,0
29553,0
22909,0
31121,0
27102,0
20167,0
29127,0
10663,0
15713,0
27551,0
41,0
27419,0
7718,0
34148,0
30266,0
27614,0
29958,0
19934,0
8587,0
17043,0
24296,0
2176,0
13202,0
25005,0
23651,0
31089,0
5129,0
12963,0
582,0
19151,0
10533,0
32387,0
7849,0
5026,0
31096,0
6446,0
12512,0
24724,0
31378,0
14680,0
27761,0
14630,0
8977,0
31340,0
34467,0
8668,0
6164,0
34746,0
29059,0
5006,0
13087,0
12701,0
1334,0
4707,0
6142,0
1126,0
16154,0
18227,0
18861,0
31757,0
19268,0
1511,0
15437,0
10654,0
5946,0
7213,0
32853,0
15527,0
4705,0
10509,0
18417,0
29175,0
11183,0
19499,0
24352,0
25788,0
3699,0
14618,0
4083,0
9666,0
10964,0
15788,0
5989,0
19914,0
7684,0
25737,0
7988,0
4801,0
27804,0
17545,0
33863,0
26213,0
8786,0
14615,0
5327,0
13375,0
14842,0
26116,0
599,0
13509,0
32832,0
10595,0
19656,0
20823,0
6158,0
27309,0
12810,0
26420,0
523,0
8019,0
1822,0
7410,0
24544,0
11617,0
3008,0
28707,0
25305,0
11881,0
2877,0
1485,0
24401,0
889,0
21785,0
24836,0
7673,0
11851,0
14763,0
8284,0
21932,0
21887,0
30955,0
12684,0
894,0
25904,0
4752,0
5434,0
20458,0
29588,0
19148,0
28446,0
32744,0
8469,0
20926,0
19302,0
19186,0
25392,0
22152,0
10343,0
31485,0
16185,0
12244,0
27613,0
22207,0
4212,0
22417,0
32644,0
14724,0
9900,0
27715,0
7211,0
31436,0
30452,0
31235,0
8849,0
17832,0
28127,0
8056,0
694,0
1378,0
18428,0
19855,0
28069,0
8438,0
16499,0
19183,0
28166,0
28264,0
9911,0
21446,0
21680,0
25093,0
2183,0
15686,0
26622,0
9252,0
16926,0
10461,0
1246,0
13084,0
2795,0
32611,0
30017,0
15545,0
13168,0
7189,0
2799,0
20733,0
15212,0
20749,0
17916,0
6763,0
27599,0
5917,0
25179,0
5628,0
30640,0
23643,0
24414,0
21204,0
9370,0
32234,0
925,0
10548,0
21998,0
30315,0
18579,0
15739,0
10649,0
11860,0
19856,0
34086,0
12135,0
1225,0
31656,0
4920,0
11475,0
31346,0
12722,0
28610,0
32649,0
3569,0
23565,0
18317,0
16793,0
31494,0
32633,0
8366,0
30518,0
16298,0
15234,0
34171,0
574,0
33832,0
25642,0
19526,0
27671,0
2478,0
12889,0
13710,0
7927,0
10216,0
28935,0
18178,0
13598,0
29312,0
19380,0
26113,0
34674,0
7176,0
25574,0
29854,0
13759,0
3515,0
26164,0
16618,0
5908,0
232,0
7037,0
28438,0
16288,0
28796,0
16703,0
25353,0
25545,0
31331,0
29444,0
15677,0
12441,0
2635,0
21864,0
21662,0
31555,0
13763,0
18697,0
26201,0
25693,0
24760,0
17051,0
27185,0
6867,0
33739,0
13931,0
5819,0
28086,0
33690,0
3189,0
20886,0
10582,0
7455,0
10457,0
18739,0
24474,0
14874,0
14219,0
2424,0
3372,0
13914,0
18966,0
32385,0
26384,0
3832,0
3653,0
3881,0
31938,0
1347,0
3171,0
5057,0
4912,0
15938,0
4451,0
8909,0
11566,0
2486,0
7337,0
13184,0
28621,0
1331,0
25348,0
6936,0
22010,0
17647,0
29573,0
6405,0
9703,0
32859,0
6951,0
26434,0
34114,0
7918,0
9264,0
6272,0
14772,0
32851,0
3710,0
17591,0
28056,0
11467,0
2418,0
3643,0
29674,0
9873,0
6196,0
12687,0
25899,0
33408,0
18145,0
29153,0
15571,0
19440,0
21726,0
29781,0
28314,0
4117,0
19048,0
15609,0
12103,0
24919,0
28493,0
24019,0
17267,0
32752,0
24360,0
28403,0
10209,0
26251,0
4347,0
29964,0
9280,0
24794,0
14708,0
1781,0
5580,0
15368,0
28316,0
2591,0
7244,0
6296,0
480,0
34424,0
59,0
26968,0
30367,0
12933,0
18911,0
18329,0
21775,0
12043,0
6839,0
5300,0
24026,0
4678,0
8314,0
14207,0
2441,0
31124,0
31978,0
18011,0
11856,0
30535,0
28053,0
12669,0
7152,0
12680,0
22674,0
17853,0
6696,0
12364,0
16307,0
13330,0
24396,0
21024,0
11239,0
25563,0
19891,0
32924,0
16230,0
27194,0
26887,0
30539,0
18776,0
14586,0
2285,0
34537,0
19326,0
14323,0
1500,0
22997,0
21845,0
10345,0
31410,0
20055,0
5590,0
118,0
23278,0
17207,0
22718,0
25121,0
9542,0
31625,0
33444,0
19138,0
20276,0
15026,0
16802,0
29383,0
29110,0
4011,0
5578,0
19236,0
6145,0
30233,0
33754,0
8574,0
1382,0
29662,0
5820,0
26784,0
30169,0
25033,0
23677,0
16615,0
12765,0
18057,0
8741,0
13728,0
10898,0
15727,0
26833,0
19616,0
3532,0
20740,0
10248,0
14905,0
24856,0
4672,0
32179,0
22030,0
31511,0
18586,0
16639,0
31020,0
33183,0
2299,0
13208,0
15991,0
32973,0
34625,0
31560,0
16560,0
11948,0
8087,0
12068,0
27872,0
28447,0
26785,0
25482,0
14260,0
10800,0
16575,0
17550,0
14564,0
251,0
24440,0
17025,0
7562,0
4526,0
13476,0
2700,0
7468,0
32378,0
12900,0
19381,0
8326,0
16888,0
31789,0
19179,0
26648,0
1575,0
6305,0
21012,0
8163,0
18594,0
19790,0
14897,0
7713,0
6517,0
32725,0
17244,0
17161,0
1853,0
7572,0
34101,0
3506,0
1457,0
6049,0
21215,0
398,0
8343,0
22468,0
19443,0
2294,0
14894,0
11107,0
23992,0
4957,0
8957,0
27431,0
23592,0
19942,0
1494,0
23496,0
15888,0
11285,0
2734,0
13005,0
20549,0
30349,0
32795,0
8640,0
18810,0
2847,0
23276,0
31374,0
10656,0
18549,0
26166,0
22828,0
3744,0
12458,0
8166,0
13044,0
10829,0
27457,0
1555,0
31748,0
10483,0
5224,0
26162,0
1979,0
32103,0
10039,0
19909,0
27669,0
6876,0
6915,0
22642,0
4715,0
23996,0
11227,0
5965,0
31607,0
9164,0
26646,0
33647,0
26500,0
7444,0
1724,0
24167,0
11145,0
26849,0
10942,0
8460,0
19181,0
21959,0
25655,0
11680,0
31570,0
7710,0
1380,0
15881,0
33486,0
5228,0
10939,0
3878,0
9450,0
16136,0
22165,0
18550,0
28613,0
5815,0
6518,0
26701,0
12086,0
8495,0
29137,0
11371,0
21646,0
14902,0
245,0
22943,0
18945,0
27575,0
34671,0
5600,0
26907,0
15757,0
873,0
13908,0
12435,0
25361,0
34645,0
32029,0
11866,0
16900,0
15113,0
12243,0
32509,0
12352,0
32412,0
12736,0
29354,0
1231,0
31387,0
25072,0
15832,0
25225,0
6113,0
24740,0
34834,0
11265,0
1765,0
14332,0
23780,0
1429,0
11021,0
15479,0
26632,0
23649,0
8215,0
16167,0
27240,0
24847,0
23915,0
2420,0
29300,0
9560,0
17275,0
12388,0
10596,0
28998,0
28896,0
4098,0
30248,0
2124,0
16208,0
18821,0
11673,0
5295,0
30646,0
22327,0
21818,0
24108,0
34689,0
32405,0
487,0
27902,0
6828,0
3734,0
6889,0
21605,0
20479,0
26538,0
33085,0
6651,0
33728,0
29313,0
27532,0
10513,0
29511,0
18824,0
12592,0
25716,0
19174,0
22191,0
22466,0
31382,0
11426,0
33940,0
26655,0
12877,0
23756,0
21104,0
18490,0
2732,0
7246,0
17223,0
28831,0
18151,0
3683,0
21622,0
8583,0
11525,0
20597,0
11093,0
1990,0
6154,0
26340,0
11649,0
12745,0
17723,0
9891,0
9568,0
20669,0
26401,0
21806,0
18095,0
30097,0
20859,0
22121,0
3292,0
20876,0
28813,0
29644,0
21549,0
20195,0
25850,0
7683,0
24831,0
18690,0
7780,0
30770,0
4734,0
26723,0
6926,0
30024,0
24640,0
6608,0
22557,0
5101,0
25739,0
289,0
34131,0
22748,0
20192,0
4297,0
7680,0
14214,0
7319,0
31774,0
22745,0
27012,0
30629,0
2422,0
11024,0
24980,0
18906,0
9309,0
25707,0
5511,0
5688,0
18378,0
30771,0
14834,0
21699,0
20704,0
29490,0
896,0
5438,0
34296,0
10470,0
24597,0
5985,0
8580,0
9356,0
1528,0
17875,0
17427,0
27135,0
23687,0
30635,0
24647,0
15060,0
17502,0
11115,0
860,0
2539,0
29775,0
18214,0
20454,0
32960,0
13164,0
10011,0
1445,0
23215,0
5798,0
23867,0
12361,0
28967,0
28705,0
22993,0
7959,0
25959,0
10467,0
17759,0
21298,0
716,0
5339,0
21749,0
27299,0
22951,0
29451,0
15931,0
29103,0
8315,0
11511,0
27482,0
30238,0
7151,0
192,0
6864,0
14976,0
4606,0
18629,0
4777,0
954,0
10765,0
9045,0
20566,0
23639,0
29817,0
30715,0
30383,0
20174,0
32445,0
33528,0
20066,0
9790,0
25921,0
20115,0
20554,0
23882,0
14776,0
20923,0
9588,0
9889,0
532,0
26374,0
26508,0
13495,0
8499,0
799,0
18148,0
26747,0
8852,0
10173,0
9094,0
16915,0
21352,0
24905,0
3477,0
4099,0
23959,0
1509,0
5797,0
15614,0
15522,0
33900,0
14791,0
1799,0
19918,0
27461,0
30860,0
7922,0
4943,0
5644,0
17461,0
14186,0
19978,0
14954,0
7247,0
17348,0
28909,0
23948,0
6368,0
5648,0
3461,0
2667,0
19670,0
24787,0
23690,0
18937,0
15700,0
29352,0
804,0
18661,0
29524,0
29128,0
19103,0
33675,0
9709,0
1300,0
33263,0
21923,0
31247,0
16945,0
25813,0
123,0
18427,0
27603,0
12118,0
16221,0
27732,0
17840,0
16309,0
32357,0
25470,0
22526,0
21710,0
7059,0
7042,0
21706,0
11720,0
9282,0
17079,0
33537,0
28450,0
26250,0
32559,0
28310,0
20100,0
22236,0
2683,0
32901,0
18331,0
21657,0
28799,0
26006,0
17354,0
30019,0
11074,0
20024,0
11332,0
10112,0
1529,0
719,0
5330,0
26556,0
28172,0
15443,0
23274,0
26552,0
23241,0
19260,0
6852,0
28246,0
33462,0
22892,0
26965,0
20693,0
14693,0
26912,0
17536,0
24987,0
1168,0
27723,0
5948,0
7930,0
15166,0
1504,0
24272,0
29392,0
31996,0
17181,0
11558,0
24139,0
19624,0
10538,0
21707,0
12848,0
16216,0
17137,0
32697,0
10145,0
12476,0
33141,0
5784,0
5846,0
25128,0
33407,0
970,0
15549,0
25806,0
31344,0
26903,0
30696,0
11042,0
23134,0
6703,0
9016,0
19851,0
7125,0
28724,0
17200,0
34457,0
8445,0
24422,0
19143,0
33973,0
21031,0
10249,0
21719,0
34722,0
17384,0
21177,0
25151,0
864,0
12195,0
7797,0
5222,0
634,0
11441,0
19912,0
23245,0
20381,0
27270,0
31851,0
19396,0
29849,0
2631,0
11587,0
3023,0
33347,0
18451,0
7793,0
23311,0
4483,0
8406,0
23174,0
18940,0
7272,0
29371,0
26133,0
31928,0
18216,0
19313,0
27063,0
29459,0
30385,0
8307,0
30309,0
3662,0
10048,0
5042,0
28971,0
1068,0
24881,0
12834,0
26862,0
16138,0
10405,0
14948,0
8290,0
30509,0
8578,0
18890,0
26305,0
22139,0
21896,0
33266,0
7816,0
13536,0
22097,0
29134,0
13507,0
18524,0
6497,0
2476,0
1525,0
22664,0
20829,0
9744,0
23968,0
6768,0
14758,0
16842,0
5184,0
18096,0
14025,0
13962,0
26929,0
23569,0
1819,0
9015,0
24694,0
21705,0
25103,0
24515,0
11928,0
9103,0
12390,0
1262,0
16738,0
12762,0
33893,0
16672,0
23524,0
13604,0
22738,0
7805,0
1544,0
12120,0
2308,0
16025,0
18247,0
19255,0
27066,0
3132,0
12770,0
25025,0
7442,0
16772,0
19949,0
14852,0
2957,0
27892,0
32835,0
34079,0
2463,0
29504,0
24889,0
9816,0
30877,0
30247,0
258,0
2721,0
1247,0
13031,0
353,0
14224,0
2204,0
27691,0
23009,0
33490,0
14045,0
16677,0
22560,0
23228,0
16365,0
34313,0
23500,0
16074,0
12934,0
30533,0
11570,0
11480,0
30285,0
27380,0
28548,0
34781,0
16196,0
13596,0
18493,0
30537,0
1852,0
34423,0
20333,0
34271,0
31182,0
16734,0
2778,0
2497,0
6354,0
734,0
32429,0
22300,0
29441,0
14089,0
19429,0
6399,0
12874,0
25957,0
31338,0
19577,0
34227,0
11272,0
21163,0
22602,0
16489,0
21108,0
33873,0
16407,0
22493,0
21273,0
21271,0
320,0
7310,0
5172,0
11398,0
107,0
9336,0
23851,0
15864,0
11416,0
29685,0
4068,0
5663,0
17664,0
28149,0
22351,0
2296,0
19005,0
248,0
31988,0
28140,0
24874,0
13458,0
25017,0
31092,0
23482,0
9474,0
33262,0
20815,0
34155,0
6109,0
8956,0
18067,0
33664,0
903,0
33233,0
30841,0
9470,0
19955,0
21448,0
12072,0
18348,0
27748,0
18795,0
15241,0
9951,0
22311,0
11142,0
13854,0
5360,0
2881,0
9630,0
29838,0
10894,0
9883,0
34517,0
33551,0
17933,0
33307,0
32620,0
6911,0
7119,0
32774,0
11435,0
16458,0
31898,0
10815,0
7311,0
9467,0
1014,0
182,0
9971,0
6722,0
2770,0
10111,0
31473,0
322,0
30037,0
19603,0
24216,0
21410,0
9875,0
22588,0
2959,0
22612,0
6805,0
788,0
19209,0
21430,0
3731,0
8281,0
8037,0
5660,0
16106,0
6503,0
6294,0
25689,0
15017,0
23151,0
11966,0
31713,0
31319,0
25238,0
4587,0
23782,0
27308,0
24321,0
18488,0
27644,0
26064,0
5350,0
24386,0
3342,0
3661,0
12665,0
24753,0
23074,0
13035,0
20944,0
32449,0
6384,0
17760,0
9933,0
32775,0
30228,0
9415,0
520,0
29447,0
15678,0
23216,0
27632,0
4513,0
223,0
30278,0
14579,0
10313,0
29279,0
24421,0
14928,0
13187,0
4812,0
5811,0
32972,0
12362,0
10918,0
30482,0
23976,0
15849,0
22333,0
25207,0
10384,0
6832,0
19335,0
25083,0
30498,0
26586,0
17613,0
12790,0
14500,0
7180,0
25480,0
13785,0
11405,0
17969,0
8064,0
2121,0
29812,0
17444,0
3361,0
21310,0
8420,0
4570,0
24843,0
2005,0
1593,0
23167,0
21576,0
18812,0
12366,0
12940,0
1952,0
29393,0
28746,0
34217,0
11170,0
24322,0
17903,0
9147,0
2245,0
1981,0
5594,0
1549,0
12083,0
8881,0
28373,0
34291,0
20991,0
30296,0
13410,0
1609,0
28556,0
32843,0
27618,0
33043,0
18836,0
30235,0
22546,0
22501,0
28620,0
16297,0
31233,0
3668,0
615,0
32577,0
1066,0
10146,0
30065,0
21037,0
7012,0
1381,0
34068,0
26036,0
33221,0
15302,0
27925,0
31284,0
9167,0
516,0
23599,0
22313,0
739,0
21372,0
6393,0
19676,0
9939,0
20233,0
12769,0
10419,0
25506,0
21199,0
3558,0
28573,0
21801,0
22744,0
10872,0
3049,0
22704,0
23128,0
919,0
12424,0
4478,0
27936,0
8372,0
11850,0
21475,0
6007,0
7909,0
24277,0
29921,0
809,0
26008,0
1533,0
13706,0
2930,0
12461,0
12338,0
30431,0
6375,0
25791,0
24316,0
16420,0
32154,0
27758,0
33599,0
971,0
3505,0
26959,0
14444,0
15413,0
6324,0
30588,0
1677,0
918,0
21861,0
13678,0
15345,0
27653,0
3427,0
688,0
28563,0
27799,0
25140,0
14585,0
25735,0
31505,0
28783,0
7634,0
12730,0
29692,0
11664,0
160,0
24598,0
8819,0
20582,0
8324,0
33943,0
8119,0
16347,0
12146,0
8617,0
13685,0
13486,0
6439,0
19230,0
27871,0
250,0
16156,0
4310,0
3157,0
21530,0
33137,0
1342,0
16879,0
17749,0
10998,0
1427,0
32735,0
5839,0
6321,0
19078,0
32216,0
22888,0
3191,0
9006,0
33115,0
33419,0
12437,0
18150,0
701,0
2550,0
27006,0
23777,0
32790,0
7903,0
32289,0
21381,0
26744,0
33190,0
11911,0
14083,0
4433,0
15593,0
12600,0
9932,0
21947,0
19292,0
17393,0
25629,0
24791,0
6231,0
27053,0
20072,0
30725,0
14916,0
22189,0
4980,0
3897,0
28296,0
17669,0
7289,0
23483,0
23723,0
8967,0
21212,0
21134,0
17114,0
6599,0
5792,0
33732,0
2929,0
31008,0
9645,0
6631,0
1314,0
12675,0
6488,0
10773,0
3969,0
835,0
6770,0
2673,0
18674,0
14156,0
15698,0
25551,0
5812,0
23823,0
4667,0
12049,0
6748,0
2935,0
12557,0
25477,0
1322,0
30876,0
8022,0
19199,0
21299,0
23604,0
28815,0
4879,0
16650,0
19280,0
14571,0
4184,0
10155,0
1178,0
15051,0
18138,0
28027,0
8550,0
15859,0
23957,0
27277,0
32778,0
10817,0
34263,0
30781,0
1945,0
9055,0
17500,0
21276,0
5486,0
9154,0
20435,0
1963,0
23000,0
33762,0
27187,0
8400,0
7886,0
5015,0
19531,0
24091,0
10158,0
2513,0
18737,0
22392,0
7139,0
16637,0
20890,0
9533,0
16008,0
12327,0
22929,0
26487,0
18721,0
27410,0
4635,0
11973,0
1887,0
10698,0
19566,0
26150,0
34775,0
33423,0
19586,0
21989,0
7667,0
22872,0
13597,0
20294,0
16958,0
27616,0
23543,0
17131,0
32986,0
18596,0
23060,0
23324,0
7366,0
3730,0
19947,0
25987,0
29061,0
10577,0
15885,0
25202,0
31746,0
25722,0
28266,0
15230,0
7133,0
16173,0
10207,0
2498,0
34771,0
29602,0
9711,0
318,0
25256,0
20138,0
18102,0
17541,0
29240,0
24081,0
9166,0
26535,0
23105,0
24566,0
25820,0
5983,0
18085,0
14181,0
25016,0
16623,0
9884,0
9777,0
15817,0
9549,0
21650,0
8223,0
18793,0
3852,0
13838,0
2329,0
26668,0
20096,0
1184,0
32766,0
5903,0
31281,0
25821,0
16976,0
32318,0
11392,0
30500,0
598,0
27524,0
29275,0
3867,0
25088,0
21536,0
21030,0
12249,0
29732,0
23572,0
14448,0
74,0
14383,0
27806,0
19888,0
30619,0
5036,0
1938,0
31056,0
31783,0
30179,0
4028,0
29269,0
20851,0
11870,0
11165,0
29149,0
6539,0
11070,0
28304,0
29767,0
20910,0
34578,0
12868,0
34762,0
4569,0
17890,0
24182,0
30172,0
6407,0
16765,0
4676,0
9066,0
9803,0
9923,0
27204,0
29302,0
21834,0
26738,0
19876,0
27087,0
23,0
3188,0
22584,0
29008,0
806,0
779,0
14642,0
30331,0
17414,0
23584,0
19770,0
6524,0
26635,0
10265,0
16979,0
30570,0
20380,0
8673,0
18029,0
20947,0
5121,0
8476,0
1394,0
3877,0
33992,0
16459,0
2359,0
30054,0
19085,0
4819,0
2647,0
2841,0
19795,0
31804,0
2895,0
30018,0
21880,0
24426,0
8249,0
13607,0
23927,0
1017,0
34290,0
20806,0
33279,0
33614,0
30344,0
29594,0
12591,0
33496,0
21561,0
30546,0
93,0
1843,0
29706,0
20439,0
28021,0
15184,0
29953,0
14866,0
33136,0
24375,0
34038,0
34817,0
1433,0
7770,0
30523,0
11907,0
18110,0
23343,0
19436,0
27285,0
14023,0
25182,0
17170,0
243,0
22414,0
22275,0
6918,0
577,0
7809,0
2949,0
21898,0
14403,0
17321,0
22449,0
3398,0
30521,0
25632,0
27948,0
20580,0
17585,0
10794,0
19382,0
19675,0
18500,0
33517,0
14883,0
5363,0
15086,0
34088,0
26694,0
15637,0
19083,0
8982,0
997,0
31520,0
554,0
7392,0
23113,0
20706,0
31592,0
28151,0
15407,0
31411,0
24500,0
6940,0
33510,0
9768,0
8655,0
32227,0
7095,0
21019,0
18231,0
14362,0
9838,0
1927,0
18239,0
11112,0
11639,0
23897,0
12626,0
5094,0
27777,0
10325,0
1043,0
20703,0
4732,0
19798,0
8551,0
9603,0
11378,0
11632,0
13651,0
8806,0
26480,0
16424,0
19847,0
205,0
14782,0
27700,0
12607,0
2410,0
18207,0
26688,0
1120,0
33161,0
9834,0
30401,0
18162,0
11269,0
32550,0
25745,0
23367,0
34545,0
17962,0
31130,0
5371,0
12483,0
19478,0
10199,0
16895,0
15347,0
25051,0
10090,0
21782,0
4359,0
5482,0
21916,0
27979,0
3922,0
8557,0
13512,0
977,0
27288,0
29971,0
12720,0
33286,0
30220,0
29387,0
9443,0
18203,0
31775,0
14319,0
13506,0
25696,0
9992,0
24407,0
15046,0
18190,0
33154,0
8694,0
4792,0
19922,0
11209,0
22793,0
18407,0
3311,0
2681,0
13049,0
4864,0
32298,0
1706,0
17626,0
26334,0
29987,0
2244,0
5233,0
13871,0
28495,0
27866,0
9216,0
15311,0
1482,0
13772,0
24213,0
5959,0
1166,0
18889,0
10587,0
16642,0
14937,0
27039,0
3143,0
17481,0
8099,0
24580,0
17442,0
4893,0
10948,0
17915,0
19027,0
16894,0
9024,0
24867,0
33991,0
19863,0
26993,0
7282,0
13437,0
20203,0
33663,0
5767,0
21876,0
15346,0
20790,0
34189,0
2454,0
22050,0
29328,0
9620,0
29629,0
17420,0
18606,0
7346,0
8719,0
26928,0
14279,0
17547,0
26,0
28417,0
4916,0
7835,0
7021,0
1370,0
5441,0
7655,0
32018,0
13929,0
25004,0
30422,0
15247,0
5232,0
2879,0
26977,0
33386,0
16626,0
6221,0
12064,0
16430,0
15565,0
7270,0
15290,0
22312,0
5529,0
5308,0
2972,0
29714,0
33769,0
6199,0
27586,0
26180,0
15275,0
34658,0
878,0
17868,0
12405,0
25777,0
30856,0
32,0
17299,0
12895,0
15327,0
28558,0
20692,0
25568,0
13822,0
25369,0
29770,0
29015,0
22355,0
9267,0
20489,0
22522,0
16514,0
19205,0
1292,0
34692,0
15278,0
22383,0
17258,0
9132,0
4547,0
27798,0
28673,0
9398,0
29627,0
12553,0
6232,0
9489,0
8089,0
10729,0
10588,0
4763,0
17227,0
32094,0
29784,0
7235,0
32127,0
26110,0
19058,0
11562,0
29138,0
4468,0
19493,0
9853,0
875,0
16046,0
17864,0
7032,0
19967,0
34763,0
5682,0
34303,0
34802,0
10471,0
14007,0
26400,0
26073,0
16960,0
23459,0
18398,0
19341,0
15307,0
20026,0
10686,0
10479,0
14127,0
31007,0
15962,0
29124,0
25500,0
10375,0
12524,0
20086,0
12845,0
24328,0
24548,0
12800,0
24861,0
4390,0
11605,0
15911,0
28473,0
5235,0
31021,0
12908,0
21178,0
26960,0
7873,0
8825,0
17977,0
31265,0
15930,0
9418,0
34840,0
2842,0
16449,0
10746,0
23515,0
2975,0
32248,0
11818,0
15999,0
17660,0
23829,0
10177,0
5340,0
28588,0
28350,0
31405,0
12210,0
15596,0
1136,0
28194,0
20838,0
34293,0
23026,0
10346,0
8512,0
18866,0
3792,0
10037,0
676,0
31459,0
8984,0
32354,0
10396,0
11493,0
21571,0
28491,0
20671,0
16360,0
7104,0
8826,0
28944,0
26858,0
27954,0
8303,0
4150,0
22510,0
13024,0
19388,0
4580,0
9406,0
12347,0
20474,0
19180,0
25589,0
1201,0
1218,0
31824,0
26506,0
14717,0
13823,0
6865,0
21779,0
14964,0
30587,0
27029,0
25195,0
31103,0
31037,0
22905,0
6901,0
17191,0
32703,0
17884,0
22386,0
6414,0
1358,0
6327,0
29425,0
15715,0
15792,0
18634,0
22565,0
31276,0
28248,0
27988,0
16017,0
19226,0
13017,0
33237,0
16749,0
2950,0
12891,0
25634,0
28250,0
26353,0
17964,0
19202,0
7330,0
3110,0
30538,0
18322,0
26138,0
5914,0
23622,0
21822,0
23809,0
34031,0
4308,0
15463,0
4432,0
14380,0
10757,0
10940,0
26662,0
14472,0
6663,0
4400,0
17471,0
4443,0
32988,0
11954,0
20207,0
26866,0
19718,0
23302,0
6978,0
4660,0
12556,0
25661,0
5074,0
16090,0
17602,0
23359,0
19925,0
21322,0
19758,0
26145,0
28997,0
3266,0
31827,0
2626,0
15895,0
7902,0
409,0
4395,0
18566,0
1699,0
15918,0
8840,0
29090,0
18229,0
15973,0
32651,0
26707,0
1270,0
24517,0
14374,0
3033,0
746,0
28547,0
20558,0
23218,0
27180,0
10521,0
9544,0
11149,0
26581,0
17370,0
4759,0
1539,0
19156,0
21590,0
23679,0
20331,0
10330,0
9728,0
21211,0
1108,0
33689,0
26511,0
8180,0
32235,0
3035,0
29290,0
25504,0
23124,0
24028,0
24623,0
31588,0
27176,0
31239,0
27330,0
3348,0
17160,0
18339,0
29647,0
8202,0
15299,0
9826,0
6916,0
4694,0
7545,0
10788,0
29314,0
22787,0
3979,0
24051,0
21780,0
32739,0
33589,0
19065,0
19166,0
10738,0
15948,0
8802,0
30846,0
19635,0
32277,0
9931,0
12367,0
5077,0
6541,0
27688,0
17554,0
8618,0
21946,0
20867,0
11340,0
10845,0
10693,0
32809,0
22527,0
15831,0
1048,0
18437,0
18371,0
729,0
25673,0
2339,0
12241,0
29551,0
24621,0
1172,0
9349,0
17511,0
20332,0
25965,0
1406,0
16171,0
1439,0
27049,0
25721,0
1240,0
24483,0
14447,0
32383,0
18790,0
22677,0
23956,0
1483,0
10789,0
20469,0
1188,0
21866,0
34326,0
14573,0
6160,0
31185,0
24884,0
17447,0
33619,0
17841,0
31164,0
15291,0
18743,0
18060,0
14628,0
32300,0
18496,0
25461,0
26289,0
11447,0
18955,0
12968,0
7962,0
2404,0
9277,0
33429,0
22153,0
11434,0
22228,0
33529,0
26295,0
11166,0
33007,0
30394,0
24966,0
17765,0
14067,0
9007,0
2911,0
12186,0
31585,0
24635,0
23774,0
14971,0
20640,0
7054,0
8872,0
790,0
24300,0
28183,0
22531,0
19301,0
32698,0
17533,0
29096,0
8994,0
32256,0
4217,0
21725,0
34198,0
3197,0
27836,0
34396,0
13011,0
33438,0
34175,0
16877,0
367,0
15101,0
28950,0
33181,0
9155,0
26569,0
31252,0
3307,0
23097,0
32653,0
5470,0
31979,0
18871,0
14687,0
2301,0
1264,0
25275,0
1335,0
27646,0
28156,0
12884,0
21889,0
32927,0
19738,0
27496,0
23931,0
957,0
31593,0
31200,0
394,0
7175,0
20861,0
10064,0
16114,0
33531,0
2636,0
7398,0
9261,0
17929,0
32891,0
33615,0
8270,0
25045,0
21917,0
7400,0
25415,0
1503,0
28259,0
18611,0
20999,0
9765,0
21604,0
33540,0
4706,0
17494,0
18948,0
11800,0
34099,0
18956,0
3762,0
8389,0
22809,0
14777,0
32945,0
5716,0
19677,0
22040,0
22765,0
14796,0
28694,0
12749,0
10785,0
3193,0
29904,0
34098,0
30327,0
22961,0
20874,0
12430,0
32802,0
8818,0
33656,0
29813,0
32871,0
9158,0
14128,0
14605,0
9727,0
30059,0
14525,0
30551,0
5987,0
11445,0
12740,0
34643,0
9677,0
18135,0
31181,0
10554,0
1090,0
24532,0
25078,0
5344,0
28994,0
29262,0
15464,0
29519,0
19470,0
34648,0
28576,0
1253,0
10174,0
25285,0
6906,0
25684,0
19999,0
14654,0
13796,0
4012,0
28334,0
4646,0
24692,0
6128,0
23239,0
3051,0
32643,0
18657,0
19830,0
3810,0
31690,0
25587,0
6456,0
7812,0
21291,0
12482,0
23906,0
21068,0
15037,0
11674,0
3350,0
558,0
26330,0
10434,0
9753,0
17557,0
5925,0
3880,0
17894,0
7087,0
18806,0
28592,0
17179,0
7755,0
9676,0
30012,0
15257,0
14849,0
24914,0
15204,0
198,0
17419,0
4477,0
27190,0
2690,0
1570,0
23818,0
23911,0
21735,0
11494,0
7969,0
762,0
3483,0
4410,0
2055,0
8414,0
11628,0
17474,0
16589,0
30151,0
24243,0
9455,0
22365,0
32000,0
7892,0
3636,0
10135,0
28340,0
1977,0
20141,0
31016,0
27345,0
10446,0
18875,0
16705,0
30549,0
34563,0
3529,0
7757,0
25232,0
5437,0
19808,0
817,0
23837,0
2967,0
28800,0
22525,0
5637,0
9894,0
15978,0
28945,0
34035,0
13447,0
34334,0
22004,0
32419,0
14165,0
3288,0
23268,0
11452,0
3753,0
16054,0
18772,0
17825,0
2562,0
16640,0
6556,0
8623,0
10629,0
25220,0
33356,0
21425,0
13889,0
33821,0
21846,0
6720,0
23025,0
16305,0
26224,0
13261,0
25974,0
16133,0
31608,0
20250,0
5381,0
8591,0
15219,0
11643,0
27064,0
9194,0
29809,0
14071,0
19981,0
28059,0
2750,0
29926,0
1625,0
8882,0
15049,0
14170,0
21484,0
10994,0
30652,0
15631,0
24041,0
22364,0
18120,0
6060,0
17786,0
6717,0
24140,0
7567,0
21746,0
8575,0
9657,0
9200,0
34336,0
30491,0
25284,0
13700,0
34659,0
9733,0
30289,0
8502,0
27244,0
33367,0
24,0
27141,0
20826,0
28792,0
12803,0
2007,0
16856,0
25963,0
20593,0
17130,0
389,0
21200,0
32032,0
30704,0
31567,0
14674,0
21696,0
21797,0
25365,0
12224,0
6974,0
5956,0
24128,0
17076,0
25705,0
7761,0
3358,0
20572,0
28211,0
18622,0
2608,0
32217,0
29346,0
11337,0
33374,0
5145,0
28959,0
29724,0
28794,0
11353,0
3237,0
28489,0
31606,0
6222,0
14233,0
21260,0
2041,0
7120,0
26472,0
12767,0
11601,0
18105,0
14285,0
20911,0
31678,0
28914,0
10653,0
3379,0
22124,0
24567,0
8522,0
18438,0
3887,0
3375,0
34800,0
17499,0
14189,0
1501,0
22339,0
13415,0
14830,0
1343,0
1550,0
11640,0
21043,0
28915,0
9980,0
31447,0
14076,0
4269,0
24584,0
6815,0
4070,0
23374,0
10623,0
32424,0
22980,0
19303,0
19324,0
17484,0
5349,0
4286,0
2553,0
30627,0
10291,0
15916,0
27844,0
26297,0
8362,0
24425,0
11512,0
11375,0
32003,0
6441,0
20399,0
13731,0
25985,0
6018,0
6482,0
25703,0
2440,0
19147,0
11538,0
19469,0
27911,0
3494,0
17648,0
23603,0
13609,0
5828,0
26704,0
11718,0
14929,0
21218,0
7287,0
26805,0
31412,0
2475,0
19394,0
19931,0
25697,0
16813,0
17563,0
10662,0
163,0
1468,0
12074,0
3410,0
9366,0
10348,0
28758,0
15269,0
34076,0
31584,0
21798,0
17620,0
1869,0
3912,0
19721,0
5781,0
26582,0
9011,0
3890,0
34041,0
7303,0
15152,0
17289,0
33830,0
908,0
19235,0
31785,0
16996,0
33227,0
10779,0
2407,0
1659,0
4505,0
31857,0
30120,0
6508,0
12716,0
20366,0
33493,0
28593,0
14602,0
23091,0
10861,0
13189,0
16889,0
1795,0
30361,0
14675,0
30106,0
11125,0
14081,0
11029,0
30211,0
23349,0
30503,0
5807,0
2338,0
32873,0
21407,0
18544,0
11993,0
24014,0
15770,0
5347,0
23634,0
12773,0
34281,0
12034,0
7928,0
26466,0
31771,0
30795,0
4492,0
12408,0
3757,0
16946,0
1069,0
1009,0
11198,0
29135,0
21230,0
7730,0
16169,0
30281,0
7978,0
18385,0
1810,0
5771,0
24393,0
16736,0
25152,0
25781,0
12870,0
31268,0
26918,0
26645,0
23642,0
12923,0
15912,0
10136,0
11482,0
3631,0
4904,0
15375,0
8224,0
33238,0
16944,0
20248,0
20588,0
10551,0
15498,0
18947,0
7336,0
27103,0
7222,0
7359,0
33889,0
8482,0
18361,0
5634,0
26217,0
20214,0
10105,0
32241,0
30714,0
20476,0
30271,0
33770,0
22547,0
27861,0
2460,0
5256,0
14647,0
23050,0
14726,0
34843,0
33651,0
12737,0
6045,0
4546,0
542,0
2557,0
21437,0
17331,0
31837,0
13236,0
2315,0
31375,0
18745,0
33315,0
13584,0
16851,0
1391,0
26793,0
6967,0
28886,0
15124,0
14568,0
14241,0
3680,0
3755,0
29012,0
10051,0
21478,0
29073,0
26493,0
3280,0
30768,0
7794,0
1747,0
4030,0
30092,0
25210,0
20411,0
19611,0
33087,0
9663,0
21816,0
26261,0
13703,0
27779,0
14704,0
13487,0
16392,0
20960,0
17183,0
24571,0
281,0
34140,0
33467,0
19105,0
25561,0
19945,0
17121,0
23052,0
25889,0
29448,0
26084,0
15174,0
7004,0
2978,0
16553,0
23083,0
34236,0
25134,0
7863,0
2576,0
28807,0
28497,0
21611,0
7279,0
8186,0
15206,0
5722,0
13150,0
3901,0
3604,0
7612,0
26754,0
2459,0
20473,0
18696,0
20044,0
2784,0
5610,0
18899,0
4189,0
25252,0
9391,0
6662,0
25849,0
3895,0
19871,0
20953,0
15626,0
3418,0
16853,0
23542,0
25801,0
30492,0
2289,0
18192,0
30939,0
13211,0
32334,0
5418,0
8687,0
25444,0
33431,0
33970,0
20529,0
26498,0
33501,0
19812,0
14488,0
22695,0
26958,0
33260,0
25056,0
29152,0
227,0
28604,0
28195,0
24845,0
6044,0
31930,0
6711,0
18133,0
25421,0
19975,0
8017,0
27168,0
15163,0
31541,0
4733,0
16859,0
17407,0
15837,0
25352,0
16545,0
8913,0
3341,0
4855,0
1882,0
5769,0
17899,0
31085,0
28664,0
19927,0
33448,0
25535,0
21664,0
17673,0
17017,0
8345,0
5849,0
27742,0
33142,0
16386,0
5366,0
7046,0
28864,0
14258,0
4761,0
8179,0
10739,0
33081,0
27273,0
11521,0
28603,0
27226,0
23988,0
27201,0
19793,0
13973,0
6008,0
24220,0
26222,0
13981,0
6392,0
4473,0
7619,0
13582,0
15020,0
4701,0
14296,0
34411,0
16532,0
4391,0
30617,0
1164,0
17383,0
18386,0
2165,0
33312,0
11450,0
33595,0
32506,0
34224,0
28834,0
19639,0
20729,0
23347,0
7509,0
2794,0
13113,0
13980,0
385,0
24495,0
1175,0
21109,0
5068,0
4300,0
34180,0
14069,0
5419,0
14342,0
4542,0
9746,0
4798,0
19913,0
2992,0
10661,0
14221,0
25614,0
12183,0
24045,0
28856,0
30288,0
24119,0
21659,0
20731,0
22420,0
16864,0
25557,0
8477,0
18307,0
20330,0
8321,0
15201,0
31232,0
17453,0
12932,0
29635,0
15655,0
30810,0
12981,0
12947,0
12742,0
13649,0
8114,0
26118,0
10006,0
13790,0
12105,0
5436,0
3354,0
30935,0
14944,0
12614,0
21835,0
26059,0
15383,0
20564,0
26801,0
1010,0
8601,0
680,0
28900,0
32160,0
6598,0
691,0
28327,0
9004,0
22415,0
8169,0
12971,0
4757,0
5135,0
30920,0
21736,0
33961,0
29074,0
4008,0
20042,0
34023,0
18474,0
5806,0
25511,0
30799,0
19509,0
7974,0
4241,0
3600,0
10263,0
33764,0
23414,0
12727,0
8582,0
7052,0
1921,0
4319,0
6184,0
1645,0
29364,0
17551,0
5097,0
20123,0
27645,0
28671,0
23696,0
11427,0
27007,0
23007,0
28343,0
784,0
13296,0
23368,0
18263,0
5191,0
33513,0
8545,0
15604,0
19710,0
24046,0
13921,0
11721,0
18182,0
18881,0
27978,0
25728,0
21361,0
7413,0
6198,0
34460,0
19565,0
27062,0
2414,0
6975,0
2322,0
26752,0
9030,0
1337,0
24391,0
3824,0
3247,0
783,0
4031,0
23179,0
26755,0
28712,0
11350,0
33175,0
5740,0
31149,0
18257,0
32913,0
14188,0
25309,0
26496,0
17050,0
31513,0
917,0
18584,0
8335,0
11884,0
6200,0
9597,0
8014,0
33027,0
9708,0
27593,0
26033,0
2850,0
16183,0
18413,0
22474,0
6261,0
18577,0
28178,0
1052,0
23212,0
2445,0
4292,0
17676,0
30733,0
9925,0
2447,0
9354,0
7349,0
34811,0
297,0
34546,0
17296,0
31322,0
20989,0
32850,0
290,0
4020,0
33239,0
30337,0
27733,0
12951,0
25104,0
33343,0
31424,0
18003,0
11547,0
25814,0
16967,0
19905,0
18030,0
30052,0
19708,0
19910,0
30742,0
2582,0
645,0
28812,0
3985,0
3262,0
7842,0
2749,0
25362,0
29386,0
26063,0
21395,0
7096,0
5860,0
7758,0
10658,0
9327,0
4597,0
26049,0
12187,0
19988,0
3060,0
31636,0
22863,0
11424,0
24923,0
4658,0
8201,0
26842,0
27143,0
23547,0
1892,0
2573,0
4229,0
20322,0
7815,0
25127,0
17607,0
31915,0
6861,0
34597,0
25222,0
15712,0
19946,0
19276,0
7704,0
4246,0
20337,0
5505,0
4243,0
9313,0
328,0
27693,0
24223,0
15436,0
23094,0
34057,0
4338,0
31492,0
557,0
7405,0
34493,0
12097,0
13797,0
25610,0
29539,0
17955,0
29185,0
4147,0
12444,0
9213,0
21764,0
31248,0
11020,0
28402,0
2171,0
31194,0
11470,0
3501,0
16718,0
34788,0
4729,0
725,0
2720,0
25424,0
18079,0
25901,0
20080,0
13698,0
7516,0
30945,0
19184,0
14473,0
16581,0
19864,0
7216,0
26817,0
24197,0
33815,0
12415,0
24418,0
5331,0
34107,0
29562,0
30744,0
13400,0
25539,0
31472,0
24764,0
18062,0
1477,0
3738,0
5320,0
27622,0
16794,0
27014,0
9137,0
13362,0
16284,0
17657,0
14983,0
34581,0
9250,0
32046,0
23778,0
26056,0
30957,0
12163,0
25680,0
19715,0
34128,0
20131,0
5089,0
16285,0
4794,0
2263,0
27161,0
15467,0
19609,0
20662,0
7063,0
18968,0
2174,0
24818,0
6329,0
608,0
15551,0
32164,0
32579,0
19810,0
28383,0
6316,0
33310,0
10514,0
735,0
30145,0
6171,0
32797,0
9111,0
1684,0
15481,0
15252,0
19112,0
6585,0
21166,0
5045,0
4613,0
16055,0
19094,0
30265,0
31321,0
20172,0
773,0
4485,0
15062,0
4256,0
29600,0
9251,0
11548,0
22846,0
33981,0
2469,0
27395,0
1208,0
14314,0
33998,0
21689,0
27444,0
22258,0
21540,0
7078,0
22823,0
2267,0
23719,0
11553,0
14691,0
31451,0
14307,0
12431,0
15794,0
6879,0
23076,0
13481,0
21339,0
25286,0
242,0
12466,0
15265,0
18832,0
26013,0
15213,0
7646,0
28216,0
3178,0
14350,0
33907,0
9035,0
33795,0
14431,0
28101,0
24827,0
11390,0
12677,0
16520,0
30720,0
15613,0
16066,0
27511,0
8492,0
8442,0
24394,0
32857,0
19911,0
15539,0
10181,0
9122,0
10286,0
10579,0
19133,0
33053,0
23620,0
32161,0
1918,0
32080,0
1114,0
7906,0
21203,0
17252,0
34415,0
6026,0
24673,0
5387,0
14394,0
10179,0
30455,0
22069,0
28331,0
4716,0
9442,0
1754,0
2611,0
23186,0
31917,0
9637,0
10926,0
3957,0
24209,0
24030,0
27860,0
18867,0
23250,0
19308,0
27340,0
17268,0
22739,0
5990,0
15487,0
13300,0
4748,0
24970,0
4906,0
10795,0
29646,0
14779,0
4946,0
5341,0
30064,0
33474,0
8555,0
5887,0
4700,0
17879,0
4363,0
29862,0
19908,0
8150,0
28992,0
26568,0
187,0
26320,0
13527,0
8047,0
30931,0
5125,0
11276,0
34605,0
18373,0
7623,0
429,0
18624,0
2365,0
17047,0
17744,0
23870,0
12688,0
30905,0
20375,0
1471,0
18823,0
7262,0
20614,0
31386,0
24441,0
29481,0
12193,0
14282,0
13963,0
14613,0
11226,0
22639,0
17194,0
22770,0
15019,0
3499,0
26246,0
13562,0
23112,0
23282,0
7090,0
30277,0
9076,0
6331,0
28030,0
962,0
5325,0
28591,0
4963,0
9882,0
19776,0
2934,0
25604,0
7156,0
31711,0
12574,0
16370,0
15248,0
15567,0
10465,0
24496,0
101,0
20264,0
3357,0
12198,0
6163,0
9691,0
11653,0
33061,0
19666,0
27800,0
8946,0
16244,0
27332,0
27896,0
5571,0
25234,0
27281,0
11700,0
4636,0
34092,0
26652,0
1142,0
34548,0
28389,0
13956,0
14641,0
30121,0
26625,0
23159,0
22280,0
33275,0
31581,0
13201,0
18472,0
11083,0
13533,0
7479,0
4530,0
16089,0
32342,0
5439,0
2105,0
26429,0
16223,0
27373,0
18670,0
23593,0
20654,0
14712,0
24941,0
30522,0
2566,0
1899,0
26101,0
31022,0
4866,0
12922,0
2718,0
10809,0
33679,0
9135,0
30903,0
9817,0
1515,0
30984,0
25834,0
31136,0
5896,0
31984,0
26425,0
30163,0
33969,0
22393,0
4124,0
32920,0
16187,0
34534,0
32812,0
14385,0
14858,0
4294,0
8462,0
3885,0
12576,0
27082,0
3437,0
13808,0
270,0
32441,0
9106,0
10243,0
27211,0
13368,0
19096,0
8110,0
1226,0
9847,0
21311,0
5913,0
2843,0
22716,0
6713,0
31479,0
32144,0
15406,0
10067,0
29210,0
25935,0
19849,0
26086,0
14430,0
8346,0
12475,0
31897,0
2192,0
26102,0
19416,0
17724,0
1121,0
18862,0
13439,0
31019,0
2661,0
22370,0
8769,0
20402,0
8385,0
27002,0
3129,0
21809,0
2281,0
17201,0
13701,0
33346,0
19386,0
27582,0
33861,0
11893,0
25681,0
2196,0
31071,0
15199,0
33745,0
16670,0
15177,0
4469,0
16264,0
29456,0
16436,0
13916,0
13734,0
8873,0
20122,0
20093,0
20715,0
28147,0
22288,0
25261,0
30269,0
2928,0
26464,0
6690,0
282,0
7269,0
34733,0
18273,0
7932,0
11933,0
19570,0
5941,0
1893,0
11479,0
12279,0
1521,0
17490,0
3066,0
32153,0
16219,0
33010,0
5179,0
34124,0
7300,0
16416,0
21498,0
21405,0
28376,0
24575,0
30347,0
19067,0
9079,0
2657,0
17643,0
14831,0
29630,0
34779,0
530,0
22436,0
34349,0
8057,0
15414,0
27629,0
10853,0
111,0
17029,0
10670,0
4089,0
32340,0
15376,0
20521,0
17939,0
959,0
22859,0
26262,0
33588,0
33432,0
15943,0
4196,0
20010,0
23558,0
30190,0
9910,0
18503,0
9998,0
12906,0
24172,0
1912,0
9856,0
32670,0
9693,0
34020,0
21110,0
33379,0
2062,0
23828,0
15038,0
20660,0
7171,0
30670,0
16255,0
25945,0
24076,0
13472,0
15451,0
6138,0
23372,0
16518,0
34222,0
19702,0
17953,0
21362,0
5999,0
22016,0
18543,0
1885,0
30203,0
26132,0
12738,0
33736,0
29340,0
22267,0
31621,0
5004,0
11790,0
27627,0
18845,0
12104,0
19311,0
32977,0
4465,0
14583,0
22856,0
27086,0
24528,0
32807,0
5107,0
13497,0
14171,0
1104,0
24284,0
6114,0
9101,0
20562,0
24399,0
4156,0
22154,0
6474,0
9201,0
84,0
21712,0
16210,0
9995,0
14909,0
16256,0
29272,0
30180,0
32329,0
15460,0
12107,0
33936,0
17230,0
11423,0
12426,0
8677,0
9512,0
20617,0
12759,0
15087,0
20615,0
29427,0
3309,0
6677,0
8642,0
13273,0
5466,0
22088,0
7660,0
32745,0
28776,0
21802,0
24594,0
18705,0
10387,0
16194,0
3570,0
8931,0
12560,0
15909,0
24504,0
21440,0
25748,0
12664,0
8829,0
14592,0
19379,0
1985,0
32906,0
22469,0
720,0
9684,0
24717,0
11224,0
24854,0
2099,0
30090,0
9294,0
9420,0
7820,0
14685,0
19711,0
139,0
730,0
15569,0
10366,0
24933,0
3347,0
5888,0
6982,0
21049,0
20504,0
27297,0
26398,0
8707,0
13094,0
27383,0
31155,0
14191,0
32047,0
19140,0
15535,0
3287,0
5274,0
2419,0
8597,0
15222,0
17134,0
26350,0
28983,0
20501,0
10903,0
3386,0
19160,0
32852,0
4287,0
30743,0
16688,0
13861,0
21137,0
23939,0
3920,0
32308,0
31316,0
21081,0
27116,0
26342,0
26444,0
4394,0
26726,0
32446,0
14514,0
3124,0
17274,0
6385,0
3763,0
10352,0
24680,0
23242,0
15476,0
27054,0
27105,0
27488,0
17718,0
32587,0
1039,0
27478,0
14101,0
27523,0
14554,0
23733,0
16279,0
25001,0
32877,0
13773,0
4482,0
26075,0
2741,0
31526,0
15628,0
31231,0
12936,0
27243,0
34282,0
29554,0
14633,0
17361,0
31068,0
29618,0
8630,0
29834,0
33628,0
1085,0
9556,0
34032,0
30702,0
1170,0
33753,0
32523,0
16910,0
16955,0
17464,0
26983,0
11033,0
18774,0
30244,0
21747,0
12863,0
21566,0
18843,0
25981,0
1327,0
7834,0
9173,0
2326,0
32740,0
7826,0
8312,0
21424,0
9287,0
33477,0
21639,0
9907,0
27339,0
23691,0
24466,0
16551,0
618,0
14058,0
5783,0
32252,0
11433,0
25388,0
18450,0
23535,0
34173,0
32271,0
21418,0
1606,0
3090,0
34550,0
1984,0
24169,0
32075,0
29213,0
30628,0
1784,0
4416,0
22178,0
6262,0
16601,0
26881,0
20780,0
31190,0
20791,0
3674,0
29572,0
27376,0
3170,0
20384,0
23198,0
13060,0
32678,0
12844,0
8109,0
26422,0
19599,0
15581,0
605,0
30553,0
29759,0
14378,0
28702,0
10688,0
28559,0
16933,0
2068,0
16418,0
21458,0
27178,0
13684,0
32650,0
5547,0
14627,0
27400,0
24240,0
26147,0
29676,0
3476,0
6404,0
10812,0
21411,0
30489,0
13815,0
9562,0
26254,0
15033,0
17762,0
4254,0
1458,0
16112,0
19234,0
3480,0
21924,0
28677,0
20871,0
20047,0
5329,0
30074,0
12125,0
17952,0
16999,0
7669,0
20985,0
7230,0
20008,0
11140,0
26042,0
10608,0
20463,0
16664,0
8805,0
3486,0
56,0
24530,0
5693,0
15446,0
4601,0
27753,0
12404,0
27223,0
9832,0
2208,0
11559,0
3691,0
28899,0
5544,0
31683,0
752,0
8515,0
20466,0
26203,0
19073,0
6177,0
13090,0
14082,0
18887,0
21191,0
15515,0
1480,0
1594,0
9341,0
31620,0
22429,0
32916,0
17024,0
30919,0
16026,0
5935,0
13898,0
22533,0
20531,0
20037,0
19633,0
27470,0
25417,0
22907,0
8970,0
22105,0
26465,0
21208,0
29177,0
4174,0
30812,0
28214,0
16674,0
12840,0
30075,0
33662,0
28759,0
10293,0
23379,0
32517,0
4132,0
34623,0
11393,0
34253,0
19120,0
27324,0
8059,0
22127,0
24607,0
14348,0
14721,0
25398,0
19785,0
33734,0
13030,0
20730,0
7609,0
24449,0
14508,0
3634,0
16361,0
32374,0
23510,0
8002,0
8619,0
21130,0
26517,0
10422,0
15997,0
6022,0
10417,0
3850,0
14297,0
16760,0
3058,0
2324,0
26364,0
21724,0
16796,0
28102,0
30764,0
15488,0
33271,0
27266,0
10092,0
3550,0
33757,0
19835,0
8850,0
26279,0
23042,0
11039,0
4389,0
15121,0
33194,0
27158,0
33838,0
31633,0
32255,0
18287,0
26356,0
7124,0
6766,0
3825,0
2517,0
20845,0
1259,0
10696,0
6217,0
21340,0
20643,0
30818,0
4774,0
21985,0
12862,0
13177,0
30624,0
4097,0
15084,0
22852,0
9508,0
20450,0
25816,0
27156,0
27144,0
20683,0
15816,0
17558,0
27500,0
30636,0
4327,0
23283,0
8740,0
12786,0
10657,0
19590,0
5977,0
7965,0
3130,0
12653,0
20772,0
18759,0
30904,0
4247,0
25139,0
13799,0
15603,0
27547,0
17197,0
14003,0
29108,0
16689,0
23598,0
4578,0
1078,0
16435,0
4493,0
25184,0
28721,0
33301,0
20854,0
34329,0
29686,0
22225,0
11568,0
14112,0
14759,0
7260,0
16797,0
11468,0
15251,0
20722,0
6332,0
25117,0
6590,0
33854,0
22653,0
7746,0
13179,0
29356,0
5134,0
8645,0
8659,0
33878,0
7857,0
6004,0
6047,0
30644,0
5226,0
31599,0
6192,0
15806,0
20557,0
8787,0
9675,0
11116,0
20428,0
14352,0
2220,0
34361,0
13686,0
28606,0
21618,0
6778,0
28767,0
2733,0
11495,0
14666,0
6135,0
15807,0
7942,0
28715,0
2391,0
13566,0
26576,0
23704,0
31512,0
27755,0
33761,0
8519,0
11622,0
24832,0
6755,0
25512,0
19158,0
3000,0
2049,0
18426,0
27377,0
24736,0
12515,0
28657,0
14584,0
17806,0
2899,0
28596,0
13371,0
3351,0
30403,0
32402,0
25319,0
22869,0
5266,0
32646,0
34477,0
28770,0
9959,0
4059,0
18347,0
34523,0
18644,0
33523,0
10137,0
26771,0
18972,0
5487,0
20076,0
14872,0
34575,0
9292,0
3321,0
10274,0
940,0
24848,0
801,0
3561,0
4050,0
4069,0
7960,0
32539,0
30589,0
7877,0
26365,0
28429,0
6432,0
12522,0
110,0
24494,0
20996,0
32507,0
16694,0
24618,0
9868,0
29903,0
19957,0
31832,0
32149,0
13977,0
1830,0
5463,0
593,0
28630,0
6667,0
7548,0
2839,0
18583,0
19441,0
29889,0
9428,0
20978,0
18777,0
29172,0
3713,0
1031,0
7874,0
11820,0
20189,0
17265,0
32296,0
30377,0
20386,0
29848,0
9352,0
22994,0
25704,0
26039,0
16258,0
25116,0
31050,0
14141,0
29009,0
20881,0
28325,0
4230,0
4332,0
22822,0
30061,0
5827,0
25948,0
8878,0
32601,0
21264,0
25259,0
13899,0
31945,0
19929,0
13792,0
3010,0
17327,0
9362,0
32447,0
19257,0
12130,0
8102,0
26130,0
25751,0
17224,0
21328,0
14690,0
31066,0
4769,0
16193,0
9979,0
4421,0
29163,0
3210,0
8584,0
11449,0
13552,0
15876,0
10141,0
5851,0
19192,0
5826,0
24309,0
10490,0
30685,0
24102,0
23476,0
12497,0
12157,0
4346,0
18395,0
349,0
15330,0
11411,0
6537,0
3078,0
18757,0
33780,0
30897,0
29871,0
10120,0
32464,0
31708,0
1096,0
11013,0
1295,0
31860,0
28532,0
25925,0
7101,0
16181,0
27514,0
28396,0
1650,0
28637,0
29865,0
11185,0
33601,0
8003,0
11768,0
1660,0
3021,0
6406,0
16218,0
10900,0
27237,0
2597,0
1873,0
12351,0
33659,0
34839,0
20409,0
14645,0
25917,0
22407,0
31274,0
16444,0
34374,0
27442,0
5326,0
11506,0
23771,0
27186,0
32898,0
34636,0
29229,0
8576,0
5705,0
22055,0
2164,0
18522,0
12453,0
4765,0
34162,0
26335,0
2168,0
625,0
16779,0
6450,0
18349,0
21517,0
30256,0
5886,0
18116,0
15820,0
13041,0
21759,0
22104,0
26853,0
2381,0
18492,0
11738,0
26675,0
1530,0
24118,0
25486,0
13337,0
29806,0
8176,0
21660,0
22773,0
29266,0
32609,0
18099,0
199,0
11932,0
876,0
17992,0
14984,0
29053,0
9060,0
11014,0
8845,0
8222,0
12131,0
33748,0
7714,0
33441,0
12322,0
27257,0
7117,0
24447,0
2715,0
22115,0
15785,0
9416,0
5649,0
7420,0
9096,0
19819,0
11552,0
34417,0
32803,0
3079,0
26149,0
17701,0
28612,0
28065,0
10452,0
10576,0
18971,0
29443,0
564,0
16841,0
11906,0
1276,0
5282,0
20379,0
18072,0
4861,0
19895,0
10203,0
12341,0
31672,0
22079,0
25507,0
6688,0
34586,0
13241,0
23999,0
18264,0
26654,0
8721,0
7109,0
12969,0
33909,0
29855,0
28868,0
19669,0
29634,0
33067,0
27481,0
14930,0
27202,0
5694,0
23769,0
17896,0
25994,0
24674,0
24384,0
11175,0
28375,0
1914,0
28257,0
4929,0
7745,0
1318,0
29561,0
32133,0
29818,0
7039,0
7799,0
13144,0
27203,0
28860,0
18820,0
32253,0
3085,0
28888,0
27389,0
22432,0
19867,0
2705,0
24106,0
8997,0
26651,0
8168,0
3911,0
27031,0
7164,0
10922,0
12115,0
30896,0
11766,0
22065,0
32415,0
9460,0
17413,0
3003,0
8042,0
21265,0
1042,0
13752,0
17780,0
4414,0
21607,0
15032,0
31991,0
17298,0
29912,0
25866,0
15867,0
28081,0
29116,0
7484,0
17369,0
28739,0
4497,0
23789,0
16397,0
7172,0
12354,0
708,0
15131,0
26702,0
20063,0
20137,0
7465,0
23692,0
23523,0
526,0
1145,0
14901,0
14598,0
21474,0
32476,0
2808,0
2832,0
13576,0
9421,0
15795,0
4082,0
11777,0
27067,0
27589,0
29569,0
18741,0
33686,0
21278,0
12575,0
20505,0
32869,0
8653,0
34338,0
5698,0
29683,0
771,0
29715,0
25068,0
16157,0
26283,0
18954,0
9962,0
9186,0
24822,0
6760,0
18111,0
22093,0
17920,0
11590,0
26950,0
33681,0
26875,0
25228,0
4461,0
10260,0
11410,0
34704,0
24362,0
15830,0
14051,0
23330,0
9757,0
16648,0
11161,0
2098,0
5142,0
15034,0
16344,0
11047,0
6041,0
12691,0
24898,0
28810,0
19108,0
6388,0
34662,0
26094,0
23059,0
30366,0
3930,0
26503,0
32312,0
34126,0
24465,0
405,0
17064,0
11693,0
24480,0
12039,0
31072,0
25330,0
26542,0
8334,0
16410,0
4986,0
26347,0
18733,0
2960,0
7552,0
7783,0
25508,0
12098,0
9756,0
23264,0
8517,0
26901,0
12442,0
12540,0
23020,0
6892,0
7912,0
9936,0
18926,0
18513,0
7073,0
9506,0
4649,0
7284,0
32940,0
8625,0
32561,0
23503,0
16679,0
14040,0
23987,0
32522,0
14317,0
15983,0
30959,0
17015,0
27182,0
10237,0
5712,0
6771,0
14013,0
18195,0
16270,0
6992,0
10429,0
20212,0
25122,0
1379,0
27985,0
8831,0
32150,0
31489,0
9609,0
5669,0
24588,0
22949,0
1729,0
29745,0
29527,0
24373,0
18376,0
18020,0
8182,0
9490,0
14167,0
10129,0
11018,0
4187,0
14005,0
30435,0
4848,0
30001,0
5420,0
24869,0
22887,0
391,0
29941,0
3069,0
6969,0
10198,0
15143,0
6245,0
21740,0
27140,0
25827,0
28302,0
31869,0
30183,0
12589,0
26239,0
25992,0
21559,0
1131,0
16682,0
20028,0
23896,0
10314,0
16988,0
29288,0
28996,0
20191,0
11795,0
24141,0
27106,0
24714,0
15675,0
2735,0
23284,0
10550,0
30519,0
28323,0
18764,0
34473,0
21379,0
1537,0
9595,0
16081,0
20525,0
18400,0
15853,0
22753,0
21728,0
31646,0
9592,0
30215,0
27065,0
4656,0
27445,0
25802,0
29332,0
2227,0
18271,0
1583,0
8038,0
19982,0
9469,0
28629,0
6858,0
8121,0
29301,0
230,0
7471,0
6299,0
15611,0
13707,0
15580,0
13040,0
7396,0
9263,0
33218,0
12066,0
20885,0
8686,0
15081,0
21316,0
12396,0
34049,0
18169,0
27463,0
16131,0
24265,0
1958,0
25931,0
34725,0
1277,0
9112,0
26205,0
24657,0
9328,0
1307,0
25071,0
28924,0
24186,0
19783,0
21532,0
15036,0
13795,0
1517,0
23055,0
9256,0
11359,0
25377,0
14740,0
29940,0
27568,0
24444,0
22837,0
25160,0
16994,0
22326,0
12132,0
30167,0
8660,0
18688,0
9397,0
11789,0
17696,0
23660,0
30878,0
15773,0
6619,0
25960,0
11743,0
7888,0
3503,0
11975,0
20338,0
671,0
32482,0
14075,0
5448,0
21205,0
17737,0
4092,0
6492,0
12383,0
24543,0
23892,0
20022,0
2522,0
22946,0
17721,0
14133,0
9064,0
23120,0
19880,0
19064,0
33804,0
33054,0
950,0
5884,0
11108,0
27070,0
28963,0
5699,0
13738,0
6478,0
32719,0
12985,0
28505,0
4487,0
11826,0
13250,0
2239,0
4301,0
11173,0
11676,0
8436,0
5469,0
19355,0
11438,0
3186,0
9781,0
8449,0
16415,0
23670,0
18677,0
30391,0
33710,0
18318,0
5583,0
31862,0
9290,0
33639,0
8248,0
29142,0
30033,0
5002,0
9202,0
8777,0
11120,0
3950,0
2209,0
23872,0
8572,0
